Date,Species,Family,Sex,Age,Repro,RFA,Mass,Head.height,Head.length,Head.width,CM3,pl.dist,1,2,3,4,5,6,MaxBF,MaxBF.N 
7-Feb-09,Kein,Vespertilionidae,M,A,,27,2.5,7.8,13.2,8.4,5,2.5,8.1,8,8,8.1,9.3,7.3,9.3,0.56
7-Feb-09,Rhst,Rhinolophidae,M,A,,46,8.5,11.8,20.8,12.3,8.5,4,22.4,19.1,19,16.8,15.8,11.9,22.4,1.9
8-Feb-09,Kein,Vespertilionidae,M,A,,27.9,2.5,6.7,13,7.5,4.9,2.5,6.8,6.4,8,8.6,9,7.9,9,0.53
8-Feb-09,Kein,Vespertilionidae,M,A,,28.2,2.5,7.9,13.8,8.4,5,2.5,8.3,11.4,10,8.3,9.4,8.8,11.4,0.77
8-Feb-09,Kepa,Vespertilionidae,F,A,PL,41.3,10,11.2,20.2,13.5,7.9,3.5,47.4,45,50.4,52.6,45.9,43.4,52.6,4.99
8-Feb-09,Musu,Vespertilionidae,M,A,,31.9,4.25,8.6,15.5,9.9,5,2.5,40.9,46.1,35.5,35.1,40.5,41.1,46.1,4.33
8-Feb-09,Rhle,Rhinolophidae,F,A,NR,39.4,6,9.1,18,9.5,6.7,3,16.5,13.4,12.1,16.4,13.1,10.1,16.5,1.3
8-Feb-09,Rhst,Rhinolophidae,F,A,NR,43.9,7.5,10.4,20.5,11.2,7.65,3.5,12,13.1,18,15.9,16.1,16.3,18,1.45
8-Feb-09,Rhst,Rhinolophidae,M,A,,48.2,9.5,10,20,12.1,8.35,4,17,22.8,16.4,18.8,23,22.5,23,1.96
9-Feb-09,Hice,Hipposideridae,F,A,NR,49.2,10,11,20.1,12.5,7,3,41.5,44.4,44.9,45.6,38.4,35.1,45.6,4.28
9-Feb-09,Hice,Hipposideridae,F,A,NR,49.4,10,10.9,19,12.3,7.2,3,45.3,48.4,43.2,42.3,43.5,43.8,48.4,4.56
9-Feb-09,Hice,Hipposideridae,F,A,NR,48.8,10,10.4,20,12.4,7.25,3,43.9,44.5,44,47.9,45.4,43.9,47.9,4.51
9-Feb-09,Hice,Hipposideridae,F,A,NR,51.3,11.5,11.2,19.8,12.6,7.2,3,42.5,42.3,43.6,46.8,41.8,43.4,46.8,4.4
9-Feb-09,Hidi,Hipposideridae,F,A,PL,87.2,39,17.5,34.5,20.3,13.2,6,157.4,170.9,196,154.5,154.5,203.1,203.1,20.41
9-Feb-09,Hidi,Hipposideridae,M,A,,86.3,47,17.7,33.4,22.2,12.9,5.5,201.9,211.6,213.5,206.6,214,199.6,214,21.53
9-Feb-09,Hidi,Hipposideridae,F,A,PL,82.3,51,17.5,33.7,20.3,13.4,6,195.5,184.6,203.1,249,227.8,204,249,25.12
9-Feb-09,Kein,Vespertilionidae,M,A,,27.3,2.5,7.5,13.8,8,4.6,2.5,4.8,5,7.9,6.6,7.8,5.5,7.9,0.41
9-Feb-09,Mucy,Vespertilionidae,F,A,,37.7,9.5,11.6,20.5,13.4,6.7,3,15.8,3.6,96,3.5,6.4,2.9,96,9.44
9-Feb-09,Rhst,Rhinolophidae,M,A,,46.3,8.5,11.9,20.6,12.6,8.1,3.5,22.8,24.9,27.4,33.5,30.4,27.8,33.5,3.04
12-Feb-09,Hibi142,Hipposideridae,F,A,PL,43.7,8.5,11.2,18.6,12,6.9,3,32.5,32,28.4,26.8,21.8,32,32.5,2.94
12-Feb-09,Hiri,Hipposideridae,M,A,,48.7,8.5,9.2,19.2,10.6,7.6,3.5,32.4,42.3,38.8,33.3,33.1,34.3,42.3,3.94
12-Feb-09,Kein,Vespertilionidae,M,A,,27.8,3,7.2,13.8,7.9,5.1,2.5,12,8.8,7.9,11.8,9.6,7.6,12,0.84
12-Feb-09,Rhtr,Rhinolophidae,F,A,PL,52.3,15,14.6,24.9,14.8,9.3,4,73.5,66.9,67.1,66.5,67.8,64,73.5,7.14
15-Feb-09,Kein,Vespertilionidae,F,A,PL,29.5,3.5,6.7,13.8,7,5.2,2.5,8.8,12.4,9.4,9.1,11.1,9.8,12.4,0.88
15-Feb-09,Kein,Vespertilionidae,F,A,PL,29.5,3.5,7,14.2,7.3,5.4,2.5,8.1,8.5,10.5,10.6,8.9,9.6,10.6,0.69
15-Feb-09,Kein,Vespertilionidae,M,A,,27.9,3,6.9,13.6,7.8,5.2,2.5,12,13.5,12.3,12.3,11.5,12,13.5,0.99
15-Feb-09,Kepa,Vespertilionidae,F,A,,41.8,9.5,12,19.1,13,7.8,3.5,59,57,51,50.9,55.1,45.4,59,5.65
15-Feb-09,Kepe,Vespertilionidae,M,A,,29.6,4.5,9,14.8,10.9,6.3,3,12.9,13.1,14.3,12.6,12.1,13.4,14.3,1.07
15-Feb-09,Musu,Vespertilionidae,F,A,PL,31.7,4,8.8,15.8,8.3,5.1,2.5,41.1,40.3,46.9,43.3,46,47,47,4.42
16-Feb-09,Kepa,Vespertilionidae,F,A,P?,41.4,11,12,19.5,14,7.8,3.5,80,86.4,79,86.5,81,88.9,88.9,8.71
16-Feb-09,Kepa,Vespertilionidae,M,A,,41,8.5,11.3,19.8,12.1,7.8,3.5,61.6,70.4,61.5,64,67.8,67,70.4,6.82
17-Feb-09,Kekr,Vespertilionidae,F,A,PL,30.5,3.5,8.5,14,9.2,5.4,2.5,20.9,15.9,18.4,23.3,22.3,18.9,23.3,1.99
17-Feb-09,Rhle,Rhinolophidae,F,A,R,40.8,6,8.2,17.8,9.2,7.1,3,15.9,13.6,17.1,14.8,14.1,16.9,17.1,1.36
17-Feb-09,Rhst,Rhinolophidae,M,A,,44.9,9.25,10.3,19.8,12.2,8,3.5,43.6,50.6,46.3,48,45.3,52.5,52.5,4.98
17-Feb-09,Rhst,Rhinolophidae,M,A,,45.3,8.5,10.2,20.8,12.1,8.6,3.5,33.1,34.9,32,34.5,32,33.2,34.9,3.18
18-Feb-09,Hibi131,Hipposideridae,M,A,,45.5,7.5,10,19.6,12.6,6.9,3,38.6,34,34.4,36.9,36.5,35.6,38.6,3.56
18-Feb-09,Hibi142,Hipposideridae,F,A,ND,42.8,8.5,10.4,19.4,11.6,6.8,3,32,36.4,36.4,38.4,38,39,39,3.6
18-Feb-09,Hibi142,Hipposideridae,M,A,,41.9,8.5,10.6,19.3,12.7,6.7,3,32.5,32,32,29.4,29.3,29.3,32.5,2.94
18-Feb-09,Kepe,Vespertilionidae,M,A,,31.4,4.5,10.3,15,9.5,6.2,3,21.1,19.4,18.8,19.6,19.9,18.6,21.1,1.77
18-Feb-09,Kepe,Vespertilionidae,M,A,,29.7,4.5,8.2,16.1,9.9,6.2,3,14.6,13.8,16.1,13.5,14.2,15,16.1,1.26
18-Feb-09,Nytr,Nycteridae,F,A,P,50.7,20.75,12,24,15.9,8.9,4,80.9,67.4,85.9,65.9,64.9,74.1,85.9,8.41
18-Feb-09,Rhle,Rhinolophidae,F,A,PL,39.6,5.5,8.1,17.8,9.2,6.7,3,14.6,17.9,16.6,16.4,14.8,14.8,17.9,1.44
22-Feb-09,Hila,Hipposideridae,F,A,ND,58.8,16,11.8,23.4,14,9.7,4,96.1,97,91.3,96.4,101.1,96.8,101.1,9.96
22-Feb-09,Hila,Hipposideridae,F,A,ND,59.6,17.5,11.9,23,13.6,9.5,4,100.8,118.3,104.5,111.6,103.8,91.4,118.3,11.73
22-Feb-09,Hiri,Hipposideridae,F,A,ND,48.1,9.5,10.1,21.6,10.3,7.5,3.5,34.6,35.4,34.4,35.8,35.9,37,37,3.4
22-Feb-09,Kein,Vespertilionidae,F,A,PL,29.1,3.25,7.5,14.5,8.7,5,2.5,12.9,13.5,14.8,13.6,13.8,13.4,14.8,1.12
22-Feb-09,Kein,Vespertilionidae,F,A,PL,31.1,4.5,7.7,13.3,8,5.2,2.5,13.1,13.9,14.4,11.9,13.1,12.3,14.4,1.08
22-Feb-09,Kein,Vespertilionidae,F,A,PL,28.1,2.75,6.5,11,7.5,5,2.5,14.5,11.9,11.9,14.3,11.5,11.3,14.5,1.09
24-Feb-09,Hice,Hipposideridae,F,A,NR,50.1,9.25,11.6,19.5,12.5,7.8,3.5,39.4,37,38.3,37.4,36.4,36.1,39.4,3.64
24-Feb-09,Hice,Hipposideridae,F,A,PL,50.4,11.5,11.6,20.4,12,7.5,3.5,40.5,40,43,39.6,42.3,43.4,43.4,4.05
24-Feb-09,Musu,Vespertilionidae,M,A,,29.5,3.75,8.6,15.3,9.6,4.9,2.5,44.8,47,46.1,50.4,47.1,49.4,50.4,4.77
24-Feb-09,Rhro,Rhinolophidae,M,A,,43.9,8,10.2,20.9,12.5,8.6,4,25.4,19.3,20.4,16.4,17.1,16.9,25.4,2.21
24-Feb-09,Rhst,Rhinolophidae,M,A,,46.1,8.75,9.5,21.6,10.5,9,4,29,25.3,24.4,24.3,21.9,19.9,29,2.58
24-Feb-09,Rhst,Rhinolophidae,M,A,,45.8,9.25,9.9,19.8,10.5,8.6,4,26.6,25.5,25.5,26.6,25.5,25.8,26.6,2.33
24-Feb-09,Rhst,Rhinolophidae,M,A,,46.9,9.25,10.6,22,11.1,8.7,4,24.5,23.4,20.6,19.5,18.8,18.6,24.5,2.12
25-Feb-09,Kepa,Vespertilionidae,M,A,,40.3,9.5,10.6,18.5,11.5,8.5,4,68.6,77.3,70.3,70.1,65.6,69.5,77.3,7.53
25-Feb-09,Rhst,Rhinolophidae,M,A,,46.1,8,9.5,20.5,11.6,8.6,4,29.1,27.1,28,26.5,28.1,26.9,29.1,2.59
25-Feb-09,Rhst,Rhinolophidae,M,A,,44.4,7.5,9.5,21.3,10.2,8.7,4,22,20.8,19.8,22,20.9,20.5,22,1.86
26-Feb-09,Kepa,Vespertilionidae,M,A,,40.3,9,11.4,18.7,12.6,8.3,3.5,74.1,79,85.4,85.8,87.9,83,87.9,8.61
26-Feb-09,Rhle,Rhinolophidae,F,A,PL,41.1,6,7.5,17,9.4,7.5,3.5,17.3,16.8,18.5,16.1,16.4,13.9,18.5,1.5
2-Mar-09,Kepa,Vespertilionidae,F,A,PL,43,10.25,11.3,17.6,12.2,8.3,3.5,69.9,71.5,71,69.3,90.1,68.9,90.1,8.84
2-Mar-09,Kepa,Vespertilionidae,M,A,,37.5,6.75,11.4,19,12.8,7.5,3.5,49.5,50.5,48.9,45.5,48.8,45.5,50.5,4.78
2-Mar-09,Rhle,Rhinolophidae,M,A,,39.9,6.25,9.9,18.7,12.3,7.5,3.5,17,17.3,15.3,19.3,16.9,15.4,19.3,1.58
3-Mar-09,Hibi142,Hipposideridae,F,A,PL,43.4,8,10.5,19.1,11,7.2,3,30.1,32,29.1,32,33.3,34.9,34.9,3.18
3-Mar-09,Hibi142,Hipposideridae,F,A,RPL,43.4,8,11.2,19,12.8,7.3,3,38,42.9,37.8,32.5,42.3,35.6,42.9,4
3-Mar-09,Hibi142,Hipposideridae,F,A,PL,44.7,7.25,11.1,18.6,11.7,7.5,3.5,32.4,32,34.9,32,35.9,29.1,35.9,3.28
3-Mar-09,Hibi142,Hipposideridae,F,A,PL,42.9,7.75,10.1,19,11.4,7.4,3,43.6,39.9,32,35.8,35,32,43.6,4.07
3-Mar-09,Hibi142,Hipposideridae,F,A,,43.7,7.25,10,19,12,7.4,3,36.3,29.3,33,30.4,27.6,24.9,36.3,3.32
3-Mar-09,Hice,Hipposideridae,M,A,,47.7,8.5,9.4,19.5,12.2,7.3,3,37.4,37.5,36.9,39.6,42.3,38.4,42.3,3.94
3-Mar-09,Hice,Hipposideridae,F,A,PL?,48.9,11,12.6,20.4,12.3,7.7,3.5,39.6,42.1,42.3,42.4,42,45.9,45.9,4.31
3-Mar-09,Hidi,Hipposideridae,M,A,,86.3,44,18.8,34.2,19.7,14,6,188.5,183.9,215.1,183.3,184.8,199,215.1,21.64
3-Mar-09,Kepe,Vespertilionidae,M,A,,30.6,4.25,9.1,15.5,9.8,6.4,3,15.1,14.1,14.3,18.3,16.3,15.3,18.3,1.48
3-Mar-09,Musu,Vespertilionidae,M,A,,29.9,4,8,15.5,9.9,6.1,2.5,43.4,39.1,38.5,38.8,41.3,40.1,43.4,4.05
4-Mar-09,Hidi,Hipposideridae,F,A,,84.1,49,18.2,34,21.3,14.7,6.5,173.9,186.9,180,204.9,160,176,204.9,20.6
4-Mar-09,Musu,Vespertilionidae,F,A,PL,28.7,3.75,8.5,15.5,8,5.2,2.5,40.6,40.3,41.1,42,40.4,41.1,42,3.91
4-Mar-09,Musu,Vespertilionidae,M,A,,29.3,4,8.7,15.7,8.4,5.3,2.5,43.1,41.5,42.3,41.1,40.8,42.3,43.1,4.02
5-Mar-09,Kepe,Vespertilionidae,F,A,PL,31.4,6,8.5,15.9,8.8,6.8,3,21.3,19,18.5,20.8,21.5,21,21.5,1.81
5-Mar-09,Kepe,Vespertilionidae,M,A,,29.3,4.5,8.9,16.2,9.6,6.5,3,15.5,16.3,15.6,17.4,14.9,16.5,17.4,1.39
5-Mar-09,Musu,Vespertilionidae,M,A,,29.3,3.3,8.5,15.2,8.3,5.7,2.5,41.4,37.4,37,33.4,33.1,36.9,41.4,3.85
6-Mar-09,Hidi,Hipposideridae,M,A,,80.4,48,16.1,32.3,19.3,13.9,6,221.9,183.5,197.5,192,217.6,180.4,221.9,22.34
6-Mar-09,Kepa,Vespertilionidae,F,A,PL,43.2,10.75,12,19.5,13,8.5,3.5,68,80.1,81.5,77.5,73.4,76.4,81.5,7.96
6-Mar-09,Rhle,Rhinolophidae,F,A,PL,39.8,6.5,10,18.2,11.6,7.5,3.5,13.9,11.6,11.3,12.6,15.9,13.5,15.9,1.23
6-Mar-09,Rhle,Rhinolophidae,F,A,PL,39.3,6,9.8,18.6,10.8,7.3,3,14.5,14.8,17.4,18.4,16,17.1,18.4,1.49
6-Mar-09,Rhle,Rhinolophidae,M,A,,41.3,6.25,9,18,9.4,7.3,3,20,26.9,17.8,22.4,22.5,20.6,26.9,2.36
8-Mar-09,Hice,Hipposideridae,F,A,P,47.9,13.5,11,19.3,12.2,7.8,3.5,47.5,45.5,46.1,39.3,39.3,41,47.5,4.47
8-Mar-09,Phja,Vespertilionidae,M,A,,37.6,9.5,10.8,19.8,13.2,7.9,3.5,61.1,56.9,59,60.5,56.4,66.5,66.5,6.42
8-Mar-09,Rhle,Rhinolophidae,F,A,PL,40.4,7,9.4,17,9.9,7.7,3.5,11.3,13.8,14.1,12.4,12.9,14.1,14.1,1.05
10-Mar-09,Kein,Vespertilionidae,M,A,,26.5,2.5,5.9,13.1,6.4,5.2,2.5,9.1,9.3,8.4,8.4,8,7.9,9.3,0.56
10-Mar-09,Phat,Vespertilionidae,M,A,,32.4,5.25,10,17.3,10.2,7.1,3,23.6,24.8,22.8,22,24,22.5,24.8,2.15
11-Mar-09,Kein,Vespertilionidae,M,A,,27.7,2.5,5.6,13.8,7.1,5.1,2.5,8.4,8.5,8.3,8.9,7.8,8.8,8.9,0.52
11-Mar-09,Kein,Vespertilionidae,M,A,,27.7,2.5,5.8,13.8,7.4,5.4,2.5,10,8.8,9,8.6,8.9,8.9,10,0.63
12-Mar-09,Kepa,Vespertilionidae,F,A,L,39.7,9.5,12,19.4,10.8,8.5,3.5,67.8,67.6,61.5,67.4,67,69.3,69.3,6.71
12-Mar-09,Phat,Vespertilionidae,M,A,,32.2,5.75,10,17.3,10.6,6.7,3,25.6,26,28.1,28.4,32,25.9,32,2.88
12-Mar-09,Rhtr,Rhinolophidae,M,A,,50.1,11.75,11.9,24.1,14.3,9.5,4,57.1,60.9,54.6,55.4,61.5,54.9,61.5,5.91
19-Mar-09,Hidi,Hipposideridae,F,A,P,88.4,58,17.6,33.4,21,13.7,6,187.1,224.1,183,203,244,179,244,24.61
19-Mar-09,Kein,Vespertilionidae,M,A,,27.9,3.75,6.2,12.6,7.5,5.6,2.5,13.1,10.1,10.4,11,11.8,12.1,13.1,0.95
19-Mar-09,Musu,Vespertilionidae,M,A,,31.6,4,9.3,15.3,8.6,5.8,2.5,42.1,41.6,43.3,44,41.5,42,44,4.11
19-Mar-09,Musu,Vespertilionidae,F,A,PL,39.8,3.75,8.5,14.8,8.4,5.2,2.5,38.5,37,38.6,35.8,35.3,35.6,38.6,3.56
21-Mar-09,Hibi142,Hipposideridae,M,A,,43,8.25,8.7,18.7,11,7.6,3,37.9,33.8,34.4,39,38.1,34.6,39,3.6
21-Mar-09,Nytr,Nycteridae,F,A,P,52,21.5,11.9,23.7,15.5,10,4.5,91.4,84,96,92.9,105.9,101,105.9,10.46
21-Mar-09,Rhst,Rhinolophidae,M,A,,45.9,9.25,9.7,21.1,10.7,8,3.5,39.5,32.8,34.3,30.6,33.8,32,39.5,3.65
22-Mar-09,Hibi131,Hipposideridae,F,A,P,45.7,10,10.5,18.9,12.8,8.4,3.5,28.4,29.9,30,29.8,35.3,28.4,35.3,3.22
22-Mar-09,Hici,Hipposideridae,F,A,NR,36.9,4.75,8.1,16.2,10.8,6.2,2.5,13.6,14.1,13,14,19.6,12.4,19.6,1.61
22-Mar-09,Mucy,Vespertilionidae,M,A,,36.8,8.25,11.5,19.2,12.8,6.7,3,71.5,73.4,71.6,73.6,71,71.8,73.6,7.15
22-Mar-09,Musu,Vespertilionidae,M,A,,28.2,3.75,8.2,15.9,8.4,5.5,2.5,45.8,46.5,50.8,50.9,47,49.1,50.9,4.82
22-Mar-09,Musu,Vespertilionidae,F,A,PL,30.2,4.25,8.5,15.5,8,6.1,2.5,44.6,45.1,45.9,44.6,45,46,46,4.32
23-Mar-09,Hiri,Hipposideridae,F,A,P,49.7,11.25,9.5,20.8,10.6,8.5,3.5,30,24.9,27.5,23.1,27.1,24,30,2.68
24-Mar-09,Hibi131,Hipposideridae,M,A,,44.1,8,9.8,19.9,11.3,8.2,3.5,34.4,33.3,32.9,32.8,33,32.1,34.4,3.13
24-Mar-09,Hibi131,Hipposideridae,F,A,NR,47.1,7.75,11,19.5,13,7.9,3.5,30.5,33.3,32,32,32.9,29.1,33.3,3.02
24-Mar-09,Hice,Hipposideridae,F,A,NR,50,9.5,11,20.2,12,8.5,3.5,36.4,37.3,36.8,36.8,39.1,39.6,39.6,3.66
25-Mar-09,Kepa,Vespertilionidae,M,A,,43,10,9.8,19.2,11.8,8.4,3.5,68.3,57.1,62.6,72,58.3,59.9,72,6.98
28-Mar-09,Nytr,Nycteridae,F,A,P,49.3,19.5,12,23.9,15.5,9.1,4,68,69.4,75,81.3,69.4,72.8,81.3,7.94
28-Mar-09,Rhst,Rhinolophidae,F,A,NR,44.8,8.75,9,21.3,10.6,8.9,4,24.8,25.5,21.1,20.5,22.3,21.4,25.5,2.22
28-Mar-09,Rhst,Rhinolophidae,M,A,,47.1,9.75,9,21.2,10.3,9.2,4,37.9,36.9,38.1,36.1,37.4,36.1,38.1,3.51
30-Mar-09,Musu,Vespertilionidae,M,A,,29.6,4,9,15,9,5.9,2.5,46.9,45.4,45,44.9,45.5,45.3,46.9,4.41
30-Mar-09,Rhtr,Rhinolophidae,M,A,,50.5,18.75,13.6,23.5,16.7,9.7,4,53.4,49.4,50.1,47.8,51.9,48,53.4,5.08
31-Mar-09,Mucy,Vespertilionidae,M,A,,34.3,8,11,20,11.6,6.5,3,93.1,98.3,99.6,96,91.6,92.9,99.6,9.81
31-Mar-09,Mucy,Vespertilionidae,M,A,,36.6,8.25,12.2,19.1,12.5,6.4,3,103.6,96,93.1,96,94.3,94,103.6,10.22
31-Mar-09,Phat,Vespertilionidae,M,A,,33.5,4.5,10.5,17.6,9.4,6.7,3,27.3,25.1,24.3,26.5,24.5,24.3,27.3,2.4
1-Apr-09,Mucy,Vespertilionidae,M,A,,33.8,8.75,11.3,20.3,11.4,6.3,3,84.5,85,92.3,92,93,87.3,93,9.13
1-Apr-09,Rhtr,Rhinolophidae,M,A,,51,14.23,13.5,24,15.5,10.3,4.5,55.6,62,54.1,56.9,53.5,53.9,62,5.96
2-Apr-09,Hibi142,Hipposideridae,M,A,,42.6,9.25,8.4,17.5,10.3,7.6,3.5,38.8,39.3,37.8,37.6,33.5,35.8,39.3,3.63
2-Apr-09,Kepe,Vespertilionidae,M,A,,31.6,5,9.2,15.2,9.6,6.5,3,21.1,20.9,21.8,20,21.9,20.4,21.9,1.85
2-Apr-09,Phat,Vespertilionidae,M,A,,33.2,4.5,9.2,17.5,9.3,6.2,3,21.1,20.4,21.1,22.6,21.9,18.9,22.6,1.92
5-Apr-09,Kein,Vespertilionidae,M,A,,28,2.75,8.2,13,8,5,2.5,10.3,8.9,8.3,8.1,8.8,8.3,10.3,0.66
5-Apr-09,Kepa,Vespertilionidae,M,A,,40.8,9.5,12,19.4,12.7,8.1,3.5,94.3,96.1,93.9,89.1,94.3,99.8,99.8,9.83
5-Apr-09,Phat,Vespertilionidae,M,A,,32.2,5.75,9.8,17,9.9,6.6,3,26,24.4,25.4,24.6,28.5,25.3,28.5,2.53
6-Apr-09,Rhtr,Rhinolophidae,M,A,,47.6,13,12,24.2,15.2,9.8,4,60.9,60.1,59.9,64,64.4,59,64.4,6.2
8-Apr-09,Kein,Vespertilionidae,F,A,NR,30.5,3.25,7.2,14.2,8.3,5.2,2.5,11.5,11.3,11.3,9.4,10.5,10,11.5,0.78
16-Apr-09,Hibi131,Hipposideridae,M,A,,46.1,9,10.5,18.5,12.2,7.2,3,34.1,32.5,32.6,35.5,35.1,32.6,35.5,3.24
16-Apr-09,Kepa,Vespertilionidae,F,A,NR,40.8,9.5,11.2,19.5,10.7,8,3.5,46.5,54.4,49.8,49.4,60.3,56.3,60.3,5.78
16-Apr-09,Musu,Vespertilionidae,M,A,,30,4,8.5,15.9,9.8,5.1,2.5,44,43.8,44.8,43.5,43.9,43.1,44.8,4.2
16-Apr-09,Phat,Vespertilionidae,M,A,,32.6,5.5,10.2,17.5,10.6,7.1,3,17.1,24.5,26.4,25.8,26.1,26.9,26.9,2.36
16-Apr-09,Rhtr,Rhinolophidae,M,A,,50.9,15.25,11.6,23.8,13.3,10.1,4.5,48.3,54.3,52.8,53.5,,,54.3,5.17
20-Apr-09,Hidi,Hipposideridae,M,A,,84.4,45,16.3,33.2,21.2,13.4,6,258,195,186,190,210,165,258,26.04
20-Apr-09,Kein,Vespertilionidae,F,A,NR,30.4,3.5,7.6,13,7.6,5.5,2.5,13.4,13.1,13.3,13.6,12.9,12.9,13.6,1
20-Apr-09,Kepe,Vespertilionidae,M,A,,30.5,4.75,8.8,15.1,8.8,6.2,2.5,21.4,21,21,23.3,21.4,22.8,23.3,1.99
22-Apr-09,Hibi142,Hipposideridae,F,A,NR,43.6,10.5,8.5,19.8,10.3,7.1,3,35.5,33.5,32,32,33.9,32.5,35.5,3.24
22-Apr-09,Phat,Vespertilionidae,M,A,,33.8,4.5,10.4,17.5,9.3,6.3,3,25.5,24.5,27.3,25.8,28.1,23.8,28.1,2.48
26-Apr-09,Mucy,Vespertilionidae,M,A,,34.9,8.75,11.5,19.2,12.8,6.2,2.5,89.5,90.5,76.3,82.5,78.4,81,90.5,8.88
26-Apr-09,Phat,Vespertilionidae,M,A,,32.9,4.75,9.2,17,9.4,6.4,3,22.4,26.3,23.8,23.1,22.6,24,26.3,2.3
26-Apr-09,Phat,Vespertilionidae,M,A,,34.9,4.5,10,17.2,9.9,6.5,3,27,27.9,26.4,26.9,25.5,24.8,27.9,2.46
13-May-09,Kein,Vespertilionidae,F,A,,30.5,3.5,7.6,13.5,9,5.2,2.5,10.9,9.5,8.4,10.4,9.4,9.9,10.9,0.93
13-May-09,Musu,Vespertilionidae,M,A,,30,3.5,13,26.8,13.8,5.3,2.5,38.5,36.3,37.6,38.5,40.8,38,40.8,3.9
13-May-09,Phat,Vespertilionidae,M,A,,34.4,4.75,10,17.3,10.2,6.3,3,23.9,25.1,26.5,28.5,21,27.4,28.5,2.68
16-May-09,Hibi131,Hipposideridae,M,A,,43.5,10,9.9,19.9,12.3,6.3,3,29.3,24.5,17.1,28.4,16,22.9,29.3,2.76
16-May-09,Hibi131,Hipposideridae,M,A,,43.5,9,9.7,20,13.3,6.8,3,23.6,25.4,23.8,29.6,24.6,28.6,29.6,2.79
16-May-09,Hice,Hipposideridae,F,A,L,49.1,10.25,9.5,19.7,10.7,7,3,42.6,38.4,41,42.9,39,44.4,44.4,4.26
16-May-09,Kein,Vespertilionidae,M,A,,27.4,2.5,7,12.8,8,5.2,2.5,8.8,10.6,8.5,9.8,9.3,9,10.6,0.9
16-May-09,Kepa,Vespertilionidae,F,A,PL,41.4,9.25,12.7,19,13.6,8,3.5,58.4,68.3,68.3,62.6,75.5,73.5,75.5,7.36
16-May-09,Kepe,Vespertilionidae,M,A,,30.6,5,9.3,14.8,9.8,6.1,3,15.8,15.8,19.1,18.5,16.1,18,19.1,1.75
16-May-09,Kepe,Vespertilionidae,F,A,L,31.2,5,8.7,16.2,10.3,6.2,3,12.5,8.5,14.3,16.3,17,12.6,17,1.54
16-May-09,Musu,Vespertilionidae,M,A,,31.9,4.25,8.6,15.3,9.6,5.3,2.5,34.8,40.5,34.1,36.3,42.2,38.5,42.2,4.04
16-May-09,Rhle,Rhinolophidae,M,A,,41.6,7,10.7,18.6,11.8,6.8,3,20.8,18,18,20.3,18.5,19.1,20.8,1.91
16-May-09,Rhst,Rhinolophidae,F,A,L,46.3,10.25,9.2,20.9,11.8,8.5,4,26.1,26.3,28.6,28.6,24.3,24.4,28.6,2.69
17-May-09,Musu,Vespertilionidae,M,A,,29.5,4,8.7,15.7,8.4,5.5,2.5,41.5,41,40.5,44.4,40.8,41.5,44.4,4.26
17-May-09,Rhst,Rhinolophidae,F,A,L,46.3,9.5,9.5,20.8,10.3,8.5,4,24.3,22,20.1,20.6,23.3,22.6,24.3,2.26
17-May-09,Rhst,Rhinolophidae,F,A,L,44.3,9,9.4,21.3,10.6,8.4,4,26.4,29,26.3,25,26.8,35.3,35.3,3.36
17-May-09,Rhtr,Rhinolophidae,M,A,,52.8,15,11.8,24.2,13.5,8.9,4,61.5,61.4,56.1,60,57.1,58.3,61.5,5.96
18-May-09,Hice,Hipposideridae,F,A,NR,48.7,10,9.4,19.6,10,7,3,37.9,36.5,40,38.9,35.9,35.4,40,3.82
18-May-09,Hice,Hipposideridae,F,A,L,49.9,11,10.6,19.5,10.7,6.8,3,40.9,40.4,39.4,40.4,38.8,41.4,41.4,3.96
18-May-09,Hidi,Hipposideridae,F,A,L,86.3,47,16.8,32.3,20.8,14,6,203.1,202.1,205.4,201.8,202.7,200.1,205.4,20.28
18-May-09,Hidi ,Hipposideridae,F,A,L,82.2,47,17.8,33,21.1,13.7,6,205.5,205.1,204.3,205.3,200,204.4,205.5,20.29
18-May-09,Kein,Vespertilionidae,M,A,,27.4,2.25,7.8,13.5,8.8,5.1,2.5,10.9,9.9,10,8.8,9.9,8.2,10.9,0.93
18-May-09,Kein,Vespertilionidae,M,A,,26.5,2.5,7.8,13.8,9.6,5.3,2.5,9.3,9.5,9.6,9,8,8.9,9.6,0.8
18-May-09,Kein,Vespertilionidae,M,A,,27,2.5,6.8,12.5,8.3,5.2,2.5,10,10,9.3,9.4,8.5,8.6,10,0.84
18-May-09,Kepe,Vespertilionidae,M,A,,29,4.5,10.1,15.2,10.3,6.2,3,16.1,15.8,16.4,18.6,18,17.1,18.6,1.7
18-May-09,Musu,Vespertilionidae,M,A,,29.5,3.75,9.3,15.3,8.6,5.3,2.5,51,43.6,51.8,45.6,47.4,51.9,51.9,5.01
18-May-09,Musu,Vespertilionidae,F,A,PL,30.1,4.25,8.4,15.5,7.9,5.5,2.5,39.5,41.5,38.8,39.4,38.5,37.6,41.5,3.97
19-May-09,Hibi131,Hipposideridae,M,A,,45.5,9,11.5,18.8,12.7,6.5,3,29.3,28.9,34.3,32,33.8,32.9,34.3,3.26
19-May-09,Hibi142,Hipposideridae,F,A,L,44.7,9,9.1,19,10.3,6.4,3,35.9,35,32.8,31.8,32.6,34.2,35.9,3.42
19-May-09,Kein,Vespertilionidae,M,A,,25.9,2.5,8.1,14.3,9.3,5,2.5,9.1,8.6,9.1,9,9,9.1,9.1,0.75
19-May-09,Kein,Vespertilionidae,M,A,,27.9,2.25,7.7,13.4,8.8,5.1,2.5,9,9.4,9.3,9.4,9,9.1,9.4,0.78
19-May-09,Kein,Vespertilionidae,M,A,,28,2.5,7.7,13.6,8.2,5.1,2.5,9.8,9.8,10.1,10,9.6,9.9,10.1,0.85
19-May-09,Kein,Vespertilionidae,M,A,,25.5,2.5,7.7,14.6,8.3,5.3,2.5,9.5,9.4,9.1,9.6,9.4,9.5,9.6,0.8
19-May-09,Musu,Vespertilionidae,F,A,RPL,29.5,4.75,8.6,15.5,8.7,5.4,2.5,44.3,44,44.9,44.6,42.8,43.8,44.9,4.31
19-May-09,Myat,Vespertilionidae,F,A,PL,35.8,8,9.8,17.7,11.2,6.9,3,32,30.1,31.8,29.6,24.6,28.4,32,3.03
19-May-09,Phat,Vespertilionidae,M,A,,32.2,4.75,10,17.3,10.6,6.4,3,25.2,23.8,27.8,24.5,28,27.8,28,2.63
19-May-09,Rhle,Rhinolophidae,F,A,L,39.8,7.5,9,18.3,11,6.7,3,20.9,21,17.3,18.6,18.5,20,21,1.93
19-May-09,Rhle,Rhinolophidae,F,A,NR,40,7,10,18.2,11.6,6.8,3,17.6,15.9,16.9,16.8,15.8,16.9,17.6,1.6
19-May-09,Rhle,Rhinolophidae,F,A,L,41.9,7.5,9.2,18,11,6.7,3,15.9,17.6,15.5,15.6,16,17,17.6,1.6
19-May-09,Rhst,Rhinolophidae,M,A,,47,12,9.9,21.2,10.3,8.5,4,28.6,27,27.4,29.4,25.5,25.3,29.4,2.77
19-May-09,Rhst,Rhinolophidae,M,A,,44,9,9.8,21.4,11,8.4,4,24.8,24.6,24.3,25.3,25.6,24.3,25.6,2.39
20-May-09,Kein,Vespertilionidae,F,A,RPL,31.2,4.25,6.3,12,8.6,5.1,2.5,10.5,8.6,11.5,8.9,8.9,8,11.5,0.99
20-May-09,Kein,Vespertilionidae,M,A,,27.7,2.5,7.3,14.8,8.2,5.1,2.5,12.6,12.9,11.6,11.3,10.2,8.6,12.9,1.13
20-May-09,Kein,Vespertilionidae,M,A,,27.8,3.5,6.9,13.7,8,5.2,2.5,12.4,10.8,10.3,10.8,11.6,10.3,12.4,1.08
20-May-09,Kepa,Vespertilionidae,M,A,,41.8,10.5,10.4,18.9,11.7,8.1,3.5,82.8,90.6,89.5,82,81.3,84.3,90.6,8.86
20-May-09,Kepa,Vespertilionidae,F,A,L,41.8,10,11.4,19.8,13.5,8,3.5,78.9,86.6,88.8,86.4,80.4,85.3,88.8,8.68
20-May-09,Musu,Vespertilionidae,F,A,NR,29.9,4.5,8.8,15.8,8.3,5.4,2.5,37.6,39.5,41.5,38.6,37.6,40.3,41.5,3.97
20-May-09,Myri,Vespertilionidae,M,A,,29.8,5.5,7.2,13.6,8.9,6.6,2.5,11.1,15.4,11.9,9.5,12.1,13.9,15.4,1.38
20-May-09,Rhst,Rhinolophidae,F,A,L,45.4,11,9,21.3,10.6,8.3,4,24,21.4,23.4,22.4,24.1,23.9,24.1,2.24
21-May-09,Kein,Vespertilionidae,M,A,,29.3,3,7.7,13.6,8.4,5.3,2.5,5.8,5.8,5.5,5.5,4.6,5.9,5.9,0.43
21-May-09,Kepe,Vespertilionidae,F,A,L,30.7,4.5,8.8,15.5,9.8,6,3,14.1,16.1,16.1,14.4,13.8,15.8,16.1,1.45
21-May-09,Rhst,Rhinolophidae,M,A,,45.6,9,8.9,20.5,11,9,4,25,27,24.1,23.8,30.4,25.5,30.4,2.87
21-May-09,Rhst,Rhinolophidae,M,A,,46.1,10,9.1,21,10.9,8.9,4,32.8,37.3,32.8,32.6,32.1,38.9,38.9,3.72
21-May-09,Rhst,Rhinolophidae,F,A,L,45.9,9,8.8,19.9,10.8,8.7,4,19.9,21.5,19.9,25.5,21.8,19.1,25.5,2.38
23-May-09,Hibi131,Hipposideridae,F,A,L,46.2,9.25,11.1,19.6,12,6.8,3,34.6,34.6,32.1,32,32.5,32,34.6,3.29
23-May-09,Hibi131,Hipposideridae,M,A,,44.8,9,10,18.7,12.1,6.3,3,29.3,30.3,29.6,30.1,29.6,28.6,30.3,2.86
23-May-09,Hibi142,Hipposideridae,M,A,,42,8.5,8.9,18.7,10.2,6.4,3,29.3,34.9,39,29.5,32,41.3,41.3,3.95
23-May-09,Hibi142,Hipposideridae,M,A,,43.8,10,8.7,18.1,12.2,6.3,3,34.4,35.1,35.2,35.4,34.6,37.8,37.8,3.61
23-May-09,Hibi142,Hipposideridae,F,A,L,43.7,9.75,9.1,18.7,10.6,6.4,3,37.8,34.5,35.9,37.6,44.4,35.8,44.4,4.26
23-May-09,Hibi142,Hipposideridae,F,A,L,43,9,8.5,19,10.2,6.4,3,40.5,40.8,41.3,41.4,35.4,35.4,41.4,3.96
23-May-09,Hibi142,Hipposideridae,M,A,,43.1,9.25,8.9,17.3,12,6.3,3,35,35.1,35.2,33.9,32.4,32.1,35.2,3.35
23-May-09,Hibi142,Hipposideridae,M,A,,42.8,9,8.9,18.9,12.1,6.3,3,33,36.6,36.9,30.6,30.7,30.5,36.9,3.52
23-May-09,Hibi142,Hipposideridae,M,A,,43.3,9.75,8.7,18.9,12,6.3,3,32.1,33.4,33.5,32,38.8,34.6,38.8,3.71
23-May-09,Hibi142,Hipposideridae,F,A,L,43.2,9,8.7,18.7,12.1,6.4,3,47.6,32.8,28.4,35.3,29,32,47.6,4.58
23-May-09,Hibi142,Hipposideridae,F,A,L,45,9.5,8.6,18.1,12,6.4,3,41.9,41.9,45.5,35.9,37.4,35.6,45.5,4.37
23-May-09,Hibi142,Hipposideridae,M,A,,44.2,9.5,8.8,18.4,11.9,6.3,3,34,32.1,36,33.4,30.3,33,36,3.43
23-May-09,Hibi142,Hipposideridae,M,A,,44.1,9.25,8.7,18.4,12.1,6.5,3,32.5,34.9,32.3,32.6,30.6,31.3,34.9,3.32
23-May-09,Hibi142,Hipposideridae,M,A,,42.9,9.5,9.4,18.6,12,6.5,3,32.1,27.4,25.6,24.6,38,24.8,38,3.63
23-May-09,Hibi142,Hipposideridae,M,A,,43.5,9,9.1,18.7,12.2,6.3,3,32,32.1,32.5,34,32.5,34,34,3.23
23-May-09,Hibi142,Hipposideridae,M,A,,42.9,9.5,9,19,12,6.5,3,33.5,35,31.5,34.6,32.6,32.9,35,3.33
23-May-09,Hibi142,Hipposideridae,F,A,L,43,9.25,8.8,18.5,12,6.3,3,30.1,34.3,32.1,33.6,36.9,32,36.9,3.52
23-May-09,Hibi142,Hipposideridae,F,A,NR,43.7,8.5,8.6,18.1,11.8,6.4,3,35.9,34.4,32.3,33.4,32.6,33.5,35.9,3.42
23-May-09,Hice,Hipposideridae,F,A,NR,50.3,10.75,9.8,17.2,10.5,6.9,3,38.6,38.1,40,38.1,38.3,41.5,41.5,3.97
23-May-09,Hice,Hipposideridae,F,A,L,50.4,10.25,9.5,19.6,10.5,6.8,3,34.4,35.9,35,33.9,34.9,34,35.9,3.42
23-May-09,Hice,Hipposideridae,F,A,L,50.2,7.5,9.7,19.7,10.5,6.8,3,44.6,44.5,46.8,44.3,46.5,45.6,46.8,4.5
23-May-09,Hice,Hipposideridae,F,A,L,50.4,9.75,7.9,18,10.6,6.8,3,38.4,38,38.6,43.5,38.8,40.3,43.5,4.17
23-May-09,Hice,Hipposideridae,F,A,NR,48.8,9.75,8.8,19.4,10.8,6.9,3,38.5,37.8,36.4,39.5,38.9,39.7,39.7,3.8
23-May-09,Hice,Hipposideridae,F,A,NR,51.1,11.25,9.1,19.1,10.7,6.8,3,38.8,42.4,38.3,39.5,38.3,39.3,42.4,4.06
24-May-09,Hice,Hipposideridae,F,A,L,50.2,10.75,9.5,19,11,6.8,3,43.3,32.5,32,34.9,40.9,38.1,43.3,4.15
24-May-09,Kein,Vespertilionidae,M,A,,27.8,2.5,7.7,13.4,8.5,5.2,2.5,5.5,4.5,5.5,4.8,5.4,4.3,5.5,0.39
24-May-09,Kepa,Vespertilionidae,M,A,,38.5,6.5,12.8,19.2,14.6,7.4,3.5,58.8,52.3,61.6,62.5,62.5,58.5,62.5,6.06
24-May-09,Rhst,Rhinolophidae,F,A,L,44.9,10.5,9,21,10.4,8.6,4,21,20.8,18.9,18.6,18.1,18.6,21,1.93
24-May-09,Rhst,Rhinolophidae,F,A,L,47.1,10.5,8.9,21,10.6,8.4,4,24.1,25.5,23.3,27.6,23.8,22.9,27.6,2.59
24-May-09,Rhst,Rhinolophidae,M,A,,48.7,9.5,9.5,21.5,11,8.3,4,27.1,26.8,28,25.5,27.1,25.1,28,2.63
25-May-09,Hiri,Hipposideridae,M,A,,48.5,10,13.5,20.1,14.4,8.2,3.5,33.6,32,34.4,35,30.3,35.1,35.1,3.34
25-May-09,Kepa,Vespertilionidae,F,A,NR,41.5,9.5,11.2,19.8,11.9,7.7,3.5,67.1,66.4,69.8,77.4,74,76.8,77.4,7.55
25-May-09,Muae,Vespertilionidae,F,J,NR,35,7.25,11.2,19.2,11.7,6.5,3,115.1,111.4,113.6,114.9,114.4,125.6,125.6,12.34
25-May-09,Rhle,Rhinolophidae,F,A,L,40.1,6.25,9.8,18.6,10.8,6.8,3,16.1,15.8,14.8,14.9,17.9,14.1,17.9,1.63
25-May-09,Rhle,Rhinolophidae,F,A,L,41.2,7,9.8,17.8,10.5,6.7,3,17.6,17.6,21.1,16.4,17.4,17.6,21.1,1.94
25-May-09,Rhst,Rhinolophidae,F,A,L,44,9.25,10.3,21,10.8,8.3,4,23,23.9,23.1,23.9,23,24.4,24.4,2.27
25-May-09,Rhst,Rhinolophidae,F,A,L,45.9,8.5,9.6,21.8,11.1,8.4,4,13.7,15.8,10.4,16,15.3,14.4,16,1.44
25-May-09,Rhtr,Rhinolophidae,M,A,,48.6,13.25,11.5,24,14,8.8,4,53.8,48.9,51.4,51.6,50,50.9,53.8,5.2
25-May-09,Rhtr,Rhinolophidae,M,A,,52.5,15,11.7,22.5,15,8.9,4,61.5,65.9,60.4,51.8,58.3,60.2,65.9,6.4
31-May-09,Hice,Hipposideridae,F,A,PL,47.7,10,11,19.3,12.2,6.7,3,40.4,34.1,34,34.6,33,38,40.4,3.86
31-May-09,Hice,Hipposideridae,M,A,,48.7,10.25,11.6,19.8,13.5,6.8,3,40.5,39.1,37.5,38.5,43.8,41.1,43.8,4.2
31-May-09,Hice,Hipposideridae,F,A,NR,50,9.75,8.7,18.7,10.7,6.8,3,34.5,33.1,35.4,32.1,32,29.3,35.4,3.37
31-May-09,Kein,Vespertilionidae,F,A,PL,31,3.5,9,14.5,9.1,5.2,2.5,9.1,10.5,9.6,8.1,8,9.8,10.5,0.89
31-May-09,Phat,Vespertilionidae,M,A,,35.5,4.25,10.5,17.6,9.4,6.3,3,25,23,23.9,21.6,26.8,24,26.8,2.51
31-May-09,Rhtr,Rhinolophidae,F,A,L,52.5,17,12,23.8,14.6,8.8,4,64,64.5,58.1,59.1,59,57.6,64.5,6.26
1-Jun-09,Hidi,Hipposideridae,F,A,L,81.3,56,15.9,31.9,18,13.5,6,195.4,185,194,193.5,192.3,238,238,23.53
1-Jun-09,Hidi,Hipposideridae,F,A,L,84.1,45.5,16.7,33.2,19.5,13.7,6,203.9,214.4,213.8,211.3,212.2,208.7,214.4,21.18
1-Jun-09,Hidi,Hipposideridae,F,A,L,85.1,48.5,16,33.8,19.4,14,6,211.6,218.3,221,220.7,213.4,221,221,21.83
1-Jun-09,Hidi,Hipposideridae,F,A,L,86.8,45,17,33.3,20,13.2,6,203.9,203.2,189.8,198.1,198.1,201.9,203.9,20.13
1-Jun-09,Hidi,Hipposideridae,F,A,NR,85.6,46,19,34,22.5,14,6,220.6,220,208,210.8,195,193.4,220.6,21.8
1-Jun-09,Hidi,Hipposideridae,F,A,L,86.1,42,20.2,33.8,20.8,13.3,6,241.4,221.4,220.8,221.8,224,220.4,241.4,23.86
1-Jun-09,Hidi,Hipposideridae,F,A,NR,84,50,18,34,22.5,13.4,6,235.5,210.1,194.8,221.7,220.8,220.1,235.5,23.28
1-Jun-09,Hidi,Hipposideridae,F,A,NR,86.3,47,19.1,33.8,21.6,13.3,6,198.9,199.9,188.1,242.9,195.1,196.9,242.9,24.01
1-Jun-09,Hidi,Hipposideridae,F,A,NR,82.2,47,18.2,33.4,20,14,6,160.9,162.1,164.4,161.3,160.8,236.8,236.8,23.41
1-Jun-09,Hidi,Hipposideridae,F,A,NR,84.2,42,18.5,33.2,21.3,14,6,236.8,244.4,233,230.3,237.3,243.4,244.4,24.16
1-Jun-09,Hidi,Hipposideridae,M,A,,86.4,54,17.6,35.1,22.1,14,6,143.4,141.4,145.8,201.4,135.8,192,201.4,19.88
1-Jun-09,Hidi,Hipposideridae,F,A,NR,87.4,45,17.2,32.8,20,13.9,6,183.6,187.4,182.6,186.9,177.5,248.6,248.6,24.58
1-Jun-09,Hidi,Hipposideridae,F,A,NR,81.7,35.2,18.8,34.1,19.3,13.8,6,192.6,195.4,137.6,138.8,201.1,218.4,218.4,21.58
1-Jun-09,Hidi,Hipposideridae,F,A,L,85.6,45,18.5,34.5,20.8,13,6,234.6,235.4,242.3,198.6,236.5,195.7,242.3,23.95
1-Jun-09,Hidi,Hipposideridae,F,A,L,82.2,47,17.5,31.3,17.9,14,6,253.1,248.5,254,254,254.1,247.9,254.1,25.13
1-Jun-09,Hidi,Hipposideridae,F,A,NR,84,50,16.8,32.3,20.8,13.9,6,187,195.3,186.1,196.7,199.2,225.8,225.8,22.31
1-Jun-09,Hidi,Hipposideridae,F,A,PL,85.6,46,17.8,33,21.1,13.9,6,190.6,197.1,196.5,199.4,222,230.4,230.4,22.77
1-Jun-09,Hidi,Hipposideridae,M,A,,83.9,49,18.8,34.5,20.8,14,6,230,232.3,226.9,221.3,226.4,214.9,232.3,22.96
1-Jun-09,Hidi,Hipposideridae,F,A,L,84.2,42,18.7,33.5,20.8,14,6,235.4,228,243.8,239.8,229.4,231.3,243.8,24.1
1-Jun-09,Hidi,Hipposideridae,F,A,L,86.3,47,17.7,33.3,22.3,13.9,6,254.1,225.5,239.6,235.4,211,240.4,254.1,25.13
1-Jun-09,Hidi,Hipposideridae,F,A,L,87.4,45.5,16.2,33.8,19.3,13.3,6,204.1,199.4,197.1,195.8,223.4,221.4,223.4,22.07
1-Jun-09,Hidi,Hipposideridae,M,A,,86.4,54,18,33.7,21.1,13.3,6,254.4,216.8,253.3,212.6,202.3,231.1,254.4,25.16
1-Jun-09,Hidi,Hipposideridae,F,A,L,85.5,52,18.2,32.8,19.2,13.2,6,232.9,254,198.3,218.3,222.5,195.6,254,25.12
1-Jun-09,Hidi,Hipposideridae,F,A,L,81.3,56,17,32.5,20,13.1,6,200.5,200.3,218.4,208,220.5,230.3,230.3,22.76
1-Jun-09,Higa,Hipposideridae,M,A,,45.2,7,9.8,18,9.7,6.2,3,12.9,11.3,11.8,12.8,12.1,11.9,12.9,1.13
1-Jun-09,Higa,Hipposideridae,M,A,,47.6,6.75,9.78,18.2,9.72,6.1,3,9.8,10.2,12.9,12.8,11.9,11.8,12.9,1.13
1-Jun-09,Rhaf,Rhinolophidae,M,A,,49.6,15.75,13.6,23.7,13.1,10,4.5,53.8,52.3,44.8,57.8,52.3,43.4,57.8,5.6
1-Jun-09,Rhaf,Rhinolophidae,M,A,,50.2,14,13.1,23.8,13.5,10.2,4.5,53.5,56,48.3,44.4,46.3,42.8,56,5.42
1-Jun-09,Rhaf,Rhinolophidae,M,A,,49.5,14.5,13.1,24.8,14.5,10.2,4.5,46.1,48.6,45.9,45.5,41.9,44.1,48.6,4.68
1-Jun-09,Rhaf,Rhinolophidae,M,A,,50.5,15,12.7,23.6,13.3,10.3,4.5,55.6,48.3,53.8,54.6,44.9,51.5,55.6,5.38
1-Jun-09,Rhaf,Rhinolophidae,M,A,,50.1,14.75,12.6,23.8,12.3,10.4,4.5,40.5,46.1,40.3,47.8,43.1,42.4,47.8,4.6
1-Jun-09,Rhaf,Rhinolophidae,M,A,,49,14.25,12.6,23.9,13.7,10.4,4.5,57.3,57.4,59.9,58.9,54.4,55.1,59.9,5.8
1-Jun-09,Rhaf,Rhinolophidae,M,A,,51,14,13.8,23.3,13.3,10.2,4.5,44.3,44.5,52.5,47.3,46.1,42.1,52.5,5.07
1-Jun-09,Rhaf,Rhinolophidae,M,A,,48.6,14,13.1,23.7,14,10.1,4.5,47,46.4,48.5,45.9,47.4,47.3,48.5,4.67
1-Jun-09,Rhaf,Rhinolophidae,M,A,,50.6,14.5,12.1,23.6,13.1,10.2,4.5,48.1,47.1,45.6,47,47.5,50.3,50.3,4.85
1-Jun-09,Rhaf,Rhinolophidae,M,A,,50.2,14.25,12.5,24.5,14.8,10,4.5,49.9,53.1,49.9,54.5,50.5,52.8,54.5,5.27
1-Jun-09,Rhaf,Rhinolophidae,M,A,,47.9,15,11.8,24.1,13.8,10,4.5,56.3,56.1,52.4,53.6,52.6,53.8,56.3,5.45
1-Jun-09,Rhaf,Rhinolophidae,M,A,,49.4,15,13.5,24,13.4,9.9,4.5,42.3,39.4,40.8,43.3,38.5,37.5,43.3,4.15
1-Jun-09,Rhaf,Rhinolophidae,M,A,,50.5,15.75,11.7,24.8,15.1,10,4.5,42.3,40.4,42,38.4,39.2,40.2,42.3,4.05
1-Jun-09,Rhaf,Rhinolophidae,M,A,,50.6,15,10.8,23.3,13.3,10,4.5,67.4,53.4,55.1,54.3,54.4,65.1,67.4,6.55
1-Jun-09,Rhaf,Rhinolophidae,M,A,,50.3,16,11.8,24.3,13.3,9.9,4.5,48.6,46.4,46,41.4,41.8,56.8,56.8,5.5
1-Jun-09,Rhaf,Rhinolophidae,F,A,L,49.9,13.25,13.5,24.1,12.8,9.8,4.5,32.8,32.3,32.4,31.8,32,32.8,32.8,3.11
1-Jun-09,Rhaf,Rhinolophidae,F,A,PL,49.6,14.2,12.2,23.8,13.5,10,4.5,47.3,40.3,40.8,41.7,39.9,45.3,47.3,4.55
1-Jun-09,Rhaf,Rhinolophidae,F,A,NR,49.2,12.75,11.6,23.4,12.5,10,4.5,46,41.6,44.4,43.7,42.9,44.3,46,4.42
1-Jun-09,Rhaf,Rhinolophidae,F,A,L,49.6,14,11.5,23.6,14,10,4.5,43.8,45.6,45.4,43.4,45.6,47.3,47.3,4.55
1-Jun-09,Rhaf,Rhinolophidae,F,A,L,50,14.5,12.7,24,13.5,10,4.5,45,40,41.8,42.8,41.9,42.3,45,4.32
22-Jun-09,Kein,Vespertilionidae,M,A,,29.1,3.25,7.4,13.7,8,5.3,2.5,11.4,10.6,11.6,11,10.8,14,14,1.24
24-Jun-09,Chjo,Molossidae,M,A,,45,19,12.7,22.8,16,7.8,3.5,73.4,60.1,60.5,60.9,56.8,66.5,73.4,7.15
24-Jun-09,Momo,Molossidae,M,A,,46,25,15.8,27.2,18.2,8.5,4,90.1,80.6,80.9,84,81.9,79.1,90.1,8.81
24-Jun-09,Momo,Molossidae,F,A,,43.3,25.5,13.5,26,16.2,8.1,3.5,80.9,74.8,71.8,79.3,73.4,69.3,80.9,7.89
24-Jun-09,Momo,Molossidae,F,A,,42.6,22.5,14.1,26.3,16.6,8.2,3.5,48.4,50,48.4,56.4,57.3,54,57.3,5.55
24-Jun-09,Momo,Molossidae,F,A,,43,24,14.4,26.5,17.3,8,3.5,57.5,58.6,54.6,64.1,61.6,69.9,69.9,6.8
24-Jun-09,Momo,Molossidae,F,A,,44,25.5,14.1,25.6,16.3,8,3.5,57.9,56.8,59.8,56.8,58.6,59,59.8,5.8
24-Jun-09,Momo,Molossidae,F,A,,42.9,27,14,26.2,15.8,8.1,3.5,50.6,55.1,54.5,58.5,56.3,62,62,6.01
25-Jun-09,Hice,Hipposideridae,F,A,L,49.3,11.25,8.4,18.6,10.5,6.9,3,38.6,36.5,37.6,43.4,40.5,38,43.4,4.16
25-Jun-09,Hice,Hipposideridae,F,A,L,49,10,8.5,19.2,11,7,3,42.9,41.5,45.5,46.6,41.9,46.3,46.6,4.48
25-Jun-09,Hice,Hipposideridae,F,A,L,50.4,9.5,8.9,19.2,10.6,7.1,3,38.6,42.8,33.8,40.8,36,33,42.8,4.1
25-Jun-09,Hice,Hipposideridae,M,A,,49.3,9.75,12.2,20.2,12.2,7,3,37,41.4,37.8,37.6,41.8,39.5,41.8,4
25-Jun-09,Hidi,Hipposideridae,F,A,NR,84.1,45.5,16.6,31.8,18,13.5,6,174.9,189.9,192,193,187.3,183.8,193,19.05
25-Jun-09,Kein,Vespertilionidae,M,A,,28.5,3.75,8,14,8,5.2,2.5,10.3,9.3,10,9.8,10.1,9.9,10.3,0.87
25-Jun-09,Rhtr,Rhinolophidae,F,A,L,54.3,15.5,12.2,23.5,15.7,9,4,53.4,59.6,53,56,61.3,53.9,61.3,5.94
25-Jun-09,Rhtr,Rhinolophidae,M,A,,49.9,12.25,11.9,23.4,12.3,8.6,4,47.8,42.9,43.5,48,46.1,47,48,4.62
25-Jun-09,Rhtr,Rhinolophidae,F,A,PL,52.7,16,12,24.4,14.8,8.8,4,77.1,69.9,69.3,66.6,75.9,69,77.1,7.52
27-Jun-09,Hibi131,Hipposideridae,F,A,PL,46.8,9,10.2,19.8,12,6.8,3,36.6,36.1,34.3,37,33.1,36.5,37,3.53
27-Jun-09,Hibi131,Hipposideridae,F,A,NR,46.2,8.75,11.2,19.2,12.5,6.6,3,39.1,33.1,32.9,33,35.6,34.7,39.1,3.74
27-Jun-09,Hibi142,Hipposideridae,M,A,,42.4,6.75,8.4,18.9,12.1,6.5,3,34.3,24.5,21.9,30.3,26.8,22.1,34.3,3.26
27-Jun-09,Hibi142,Hipposideridae,F,A,L,43.6,8.5,8.8,19.8,10,6.3,3,40.1,50,32,48.4,33,44.8,50,4.82
27-Jun-09,Hibi142,Hipposideridae,F,A,L,42.8,8.75,8.4,19,9.5,6.4,3,32.6,29.4,28,26.5,29.5,28.9,32.6,3.09
27-Jun-09,Hibi142,Hipposideridae,M,A,,42.5,8.25,8.8,19,11,6.3,3,35.9,37,37.3,38.6,41.6,36.4,41.6,3.98
27-Jun-09,Hibi142,Hipposideridae,M,A,,42.6,8.5,8.6,18.8,10.7,6.2,3,27.9,29.6,32,32,35.5,29.8,35.5,3.38
27-Jun-09,Hibi142,Hipposideridae,F,A,NR,43.6,8,8.8,18.5,12,6.4,3,32.4,32,29.4,33.4,29.3,33.2,33.4,3.17
27-Jun-09,Hibi142,Hipposideridae,M,A,,42,8.5,8.9,18.4,10.7,6.4,3,27.8,35.5,29.9,28.9,28.4,28.9,35.5,3.38
27-Jun-09,Hibi142,Hipposideridae,M,A,,41.6,9,8.8,19.5,12,6.4,3,25.8,27.4,28.6,27.5,25,26.1,28.6,2.69
27-Jun-09,Hibi142,Hipposideridae,F,A,NR,42.9,8.25,8.2,18.5,12,6.5,3,24.1,25.4,25.5,24.6,22.9,24.1,25.5,2.38
27-Jun-09,Hibi142,Hipposideridae,M,A,,43.2,8.25,9,18.5,11.8,6.7,3,39.4,35.9,33.8,34.8,39.4,40.5,40.5,3.87
27-Jun-09,Hibi142,Hipposideridae,F,A,L,43.1,8.5,8.7,17.5,11.8,6.5,3,37.5,33.9,32.9,35.5,39.1,38.9,39.1,3.74
27-Jun-09,Hibi142,Hipposideridae,F,A,L,42.5,7.75,8.9,19.1,10.2,6.6,3,38,33.5,38.9,36,32,34,38.9,3.72
27-Jun-09,Hibi142,Hipposideridae,M,A,,43,8,9,18.8,12,6.5,3,40.5,35.5,34.5,36,38.6,46.4,46.4,4.46
27-Jun-09,Hibi142,Hipposideridae,M,A,,43.1,8,8.9,19,10.5,6.5,3,32,28.4,25.9,28.3,26.7,67.3,67.3,6.54
27-Jun-09,Hibi142,Hipposideridae,F,A,NR,42.8,8,8.9,18.9,10.9,6.7,3,35.4,30.6,32,28.8,33.5,30.3,35.4,3.37
27-Jun-09,Hibi142,Hipposideridae,F,A,L,44.9,8.5,8.4,18.3,10.7,6.5,3,40.8,35.4,33.1,32,34.3,38.6,40.8,3.9
27-Jun-09,Hibi142,Hipposideridae,M,A,,43.4,8.75,8.7,18.5,10.9,6.5,3,27.4,22,25.6,29,28.1,22.3,29,2.73
27-Jun-09,Hibi142,Hipposideridae,F,A,L,43.6,8.25,8.4,18.7,10.3,6.4,3,47.4,32.8,35.9,34.8,35.8,32.6,47.4,4.56
27-Jun-09,Hibi142,Hipposideridae,F,A,L,42.7,7.75,9.3,19.6,12.1,6.3,3,38.3,37,38.4,34.8,37.1,38.3,38.4,3.67
27-Jun-09,Hibi142,Hipposideridae,M,A,,42.9,8.25,9,19,11,6.4,3,48.6,48,35.3,42.8,37.6,36.9,48.6,4.68
27-Jun-09,Hibi142,Hipposideridae,F,A,PL,44.7,8.5,8.8,18.9,10.4,6.5,3,32.3,28.9,29.9,30.2,31.8,32,32.3,3.06
27-Jun-09,Hibi142,Hipposideridae,M,A,,42.2,8.5,9,18.1,12.2,6.4,3,34.9,37.3,35.3,35.6,38.5,40.1,40.1,3.83
27-Jun-09,Hibi142,Hipposideridae,M,A,,42.1,8.25,9.4,19.1,10,6.4,3,32.3,33.5,32,34.3,30.1,33.6,34.3,3.26
27-Jun-09,Hibi142,Hipposideridae,M,A,,42.8,9,8.5,18.2,10.9,6.5,3,35.3,34.2,33.2,31,31.6,33.7,35.3,3.36
27-Jun-09,Hibi142,Hipposideridae,F,A,L,43.7,8.5,9.3,19.3,11.9,6.4,3,35.3,25.4,32.2,35,28.7,29.8,35.3,3.36
27-Jun-09,Hibi142,Hipposideridae,M,A,,42.4,7.75,9,18.4,10.8,6.4,3,30.3,30.1,28.6,30.1,29.7,29.6,30.3,2.86
27-Jun-09,Hibi142,Hipposideridae,M,A,,43,9.25,8.5,20,11,6.4,3,56.6,48,50.1,51,47.3,46.9,56.6,5.48
27-Jun-09,Hibi142,Hipposideridae,M,A,,43,8.25,8.8,18.2,9.8,6.3,3,35.3,34.4,33.2,33.1,34.8,32.6,35.3,3.36
27-Jun-09,Hibi142,Hipposideridae,M,A,,43,8,8.7,19.2,10.1,6.4,3,32,31.5,30.6,32,31.4,29.3,32,3.03
27-Jun-09,Hibi142,Hipposideridae,M,A,,42,8,8.1,19.4,10.6,6.4,3,43.4,42.2,41.4,43.9,43.2,41.2,43.9,4.21
27-Jun-09,Hice,Hipposideridae,M,A,,49.6,9,11.9,20.1,13.3,7,3,34.6,32.3,32.1,36.8,40.8,39.1,40.8,3.9
27-Jun-09,Hice,Hipposideridae,F,A,PL,48.8,10.25,8.8,18.8,10.4,7,3,37.4,36.1,38.4,37.5,35.5,38.6,38.6,3.69
27-Jun-09,Hice,Hipposideridae,M,A,,48.2,9.25,11.8,19.7,13.4,6.8,3,47.3,46.4,52.8,48.3,46.6,48.9,52.8,5.1
27-Jun-09,Hice,Hipposideridae,F,A,NR,49.9,9.5,9.9,19.4,11,7,3,37.5,36.6,36.9,35.9,36.9,38.4,38.4,3.67
27-Jun-09,Hice,Hipposideridae,F,A,NR,50.5,10,9.9,20,12,7.3,3,38.8,45.1,37.8,40.8,44,36,45.1,4.33
27-Jun-09,Hice,Hipposideridae,F,A,L,49.2,8.5,10.2,19.6,11.5,7.2,3,45.5,42.3,45.1,43.1,48.9,45.3,48.9,4.71
27-Jun-09,Hice,Hipposideridae,F,A,L,48.5,9.25,10.7,20,12.1,7,3,40.8,37.8,38.4,44.3,36.9,36.3,44.3,4.25
27-Jun-09,Hice,Hipposideridae,M,A,,48.3,8.75,11.9,20,12.5,6.8,3,40.9,40.4,40.3,46.4,38.5,43.3,46.4,4.46
27-Jun-09,Hice,Hipposideridae,F,A,NR,50.8,10,10.6,19.8,12,6.8,3,34.5,33,32.8,32.9,38,34,38,3.63
27-Jun-09,Hice,Hipposideridae,F,A,PL,50.4,9.25,10,19.2,12,6.8,3,45.5,42.9,43.9,42.8,49.6,45.8,49.6,4.78
27-Jun-09,Hice,Hipposideridae,M,A,,48.7,9,11.7,19.9,13.1,6.7,3,38.4,35.4,37.8,36.5,36.8,36.3,38.4,3.67
27-Jun-09,Hice,Hipposideridae,F,A,L,50.3,9.75,10.8,18.9,11.9,6.8,3,48.3,42.8,41.1,39.8,40.5,40.8,48.3,4.65
27-Jun-09,Hice,Hipposideridae,F,A,NR,50.8,9.25,10.9,19.5,12.1,6.5,3,37.4,37.5,36.5,39,36.9,38.3,39,3.73
27-Jun-09,Hice,Hipposideridae,M,A,,47.4,9.25,11.8,19.9,12.9,6.8,3,36.6,39.1,39.3,48.8,48.4,47.2,48.8,4.7
27-Jun-09,Hice,Hipposideridae,M,A,,48.1,9.25,11.2,20.2,12.5,6.7,3,39,42.9,41,40.2,39.9,42.3,42.9,4.11
27-Jun-09,Hice,Hipposideridae,F,A,L,49.8,9,11.2,20.3,11.4,6.5,3,47.1,48.4,47.3,46.3,45.1,47.4,48.4,4.66
27-Jun-09,Hice,Hipposideridae,F,A,NR,48.5,9.75,11.3,21,12.8,6.5,3,40,39.2,38.2,39.8,37.6,37.3,40,3.82
27-Jun-09,Hice,Hipposideridae,F,A,L,49.9,9.25,12.3,20.4,12.3,6.8,3,48.1,48.7,47.6,46.7,46.6,45.2,48.7,4.69
28-Jun-09,Chjo,Molossidae,M,A,,45.5,18,14.8,25,16,7.7,3.5,58.4,52.3,54.8,54.4,56.3,55.3,58.4,5.66
28-Jun-09,Momo,Molossidae,F,A,,43.8,28,14.5,26.5,15.3,8,3.5,67.8,75.4,68,77.6,69.6,74.9,77.6,7.57
28-Jun-09,Momo,Molossidae,F,A,,42.3,27,14.3,27.2,16.5,8.1,3.5,61.5,51.5,53.5,55,51.8,55.4,61.5,5.96
28-Jun-09,Momo,Molossidae,F,A,,43.4,29,14,25.5,14.7,8.1,3.5,54,49.5,51.2,53.2,54.3,50,54.3,5.25
30-Jun-09,Hice,Hipposideridae,F,A,NR,48,10.5,11.8,20.2,13,6.7,3,40,41.1,41.6,39.3,38.4,39.6,41.6,3.98
30-Jun-09,Hice,Hipposideridae,M,A,,46.4,10.75,11.8,20,13.5,6.4,3,37.9,37.8,37.5,37.1,39.5,39.8,39.8,3.8
30-Jun-09,Hice,Hipposideridae,F,A,PL,48.9,11.5,11.7,20.2,12.5,6.5,3,43.6,43.5,40,39.3,39.8,43.4,43.6,4.18
1-Jul-09,Kepa,Vespertilionidae,M,A,,43,7,12.3,19,12.8,7.6,3.5,64,70.6,68.5,66.8,67.5,69.8,70.6,6.87
5-Jul-09,Musu,Vespertilionidae,M,A,,29.8,3,9,15,9,5.3,2.5,46,49.9,47.9,49.4,51.9,49,51.9,5.01
5-Jul-09,Rhtr,Rhinolophidae,M,A,,53.4,13,11.5,24,14,9,4,64,64.1,64.6,61.5,55.8,56.8,64.6,6.27
6-Jul-09,Hibi131,Hipposideridae,F,A,P ,44.2,9,11.1,20.3,12.4,6.5,3,27.6,29.9,29.6,27.3,29.8,27.3,29.9,2.82
6-Jul-09,Hice,Hipposideridae,F,A,L,49.8,9.75,11.8,20,13.6,6.5,3,40,39.9,38,41.4,42.4,40.4,42.4,4.06
6-Jul-09,Hice,Hipposideridae,F,A,NR,48.4,9.75,11.8,19,11.4,6.5,3,42.1,41.3,44,41.4,42.3,41,44,4.22
6-Jul-09,Kein,Vespertilionidae,M,A,,29.1,4.25,7.4,13.3,8.1,5,2.5,11,11.3,11.9,11.4,14.4,11,14.4,1.28
6-Jul-09,Kein,Vespertilionidae,M,A,,28.5,3,7.1,13.8,8.1,5.3,2.5,8.9,9.8,8.4,7.9,6.9,8.3,9.8,0.82
6-Jul-09,Kein,Vespertilionidae,M,A,,27.1,3,7.4,13.5,8,5.1,2.5,7.9,5.9,6.6,6,5.8,6.6,7.9,0.63
6-Jul-09,Kepa,Vespertilionidae,F,A,L,43.6,10.75,12.2,17.6,11.4,8,3.5,79.1,79.6,75.3,74.5,75,80,80,7.8
6-Jul-09,Rhle,Rhinolophidae,F,A,PL,42.6,7,9.4,17,9.9,6.8,3,17,17.6,16.1,18.3,18,21,21,1.93
6-Jul-09,Rhst,Rhinolophidae,F,A,NR,45.7,9.25,8.9,21,11,8.7,4,22.6,25.4,24.4,23.8,21.4,21.9,25.4,2.37
6-Jul-09,Rhtr,Rhinolophidae,M,A,,48.7,13.5,11.8,24.2,13.5,9,4,51.5,43.8,46.8,44.5,44,48.8,51.5,4.97
6-Jul-09,Rhtr,Rhinolophidae,F,A,L,50,14,13,23.8,13.6,8.9,4,57,61.8,54.4,52.8,54.4,52.4,61.8,5.99
7-Jul-09,Mucy,Vespertilionidae,M,A,,35.4,8.25,11,20,11.6,6.5,3,125.6,136.4,130.5,129,124.6,118.6,136.4,13.42
8-Jul-09,Momo,Molossidae,F,A,,42.6,26,14.4,26.5,17.3,8.3,3.5,52.1,55,50.4,51.8,55.6,56.5,56.5,5.47
8-Jul-09,Momo,Molossidae,M,A,,41,26,14.5,27.2,16.5,8.2,3.5,51.8,51,52.5,56.1,56,60.1,60.1,5.82
8-Jul-09,Momo,Molossidae,M,A,,44.5,28,15.2,27.6,18.2,8.3,3.5,72.4,76.6,75.9,77.9,80.1,72.4,80.1,7.81
9-Jul-09,Hidi,Hipposideridae,F,A,L,84.5,47,20.2,33.8,20.8,13.8,6,243.6,316,211,218,223,249,316,31.29
9-Jul-09,Hidi,Hipposideridae,F,A,L,81.1,41,19,34,22.5,13.5,6,294,278,279,294,253,266,294,29.1
9-Jul-09,Hidi,Hipposideridae,F,A,L,85.4,46,18.7,33.5,20.8,13.4,6,300,226,226,226,245,249,300,29.7
9-Jul-09,Hidi,Hipposideridae,F,A,L,87,52,18.2,33.4,20,13.5,6,268,245,248,273,240,239,273,27.01
9-Jul-09,Hidi,Hipposideridae,F,A,L,79.1,40.5,19.1,33.8,21.6,13.3,6,240,238,280,249,273,238,280,27.71
9-Jul-09,Hidi,Hipposideridae,F,A,L,84.2,50,18.5,33.2,21.3,13.3,6,260,241,260,226,240,243,260,25.72
9-Jul-09,Hidi,Hipposideridae,F,A,L,82.5,48,18,34,22.5,13.5,6,281,241,260,225,240,271,281,27.8
9-Jul-09,Hidi,Hipposideridae,F,A,PL,81.8,42,17.5,31.3,17.9,13.4,6,270,256,261,268,260,261,270,26.71
9-Jul-09,Hidi,Hipposideridae,F,A,L,85.1,48,18.5,34.5,20.8,14,6,274,305,253,268,250,263,305,30.19
9-Jul-09,Hidi,Hipposideridae,F,A,L,85.6,46.5,17.2,32.8,20,13.2,6,228,220,230,208,210,227,230,22.73
9-Jul-09,Hidi,Hipposideridae,F,A,NR,84.8,52.5,18.8,34.1,19.3,13.2,6,241,238,240,265,241,240,265,26.21
9-Jul-09,Hidi,Hipposideridae,M,A,,80.2,42,19.7,32.8,20.6,13.1,6,186,203,216,194,219,200,219,21.64
9-Jul-09,Hidi,Hipposideridae,F,A,PL,86.3,55.5,17.5,34.5,20.3,13.3,6,270,214,224,234,224,228,270,26.71
9-Jul-09,Hidi,Hipposideridae,F,A,PL,81.1,45.5,17.5,33.7,20.3,13.2,6,250,240,243,240,236,245,250,24.72
9-Jul-09,Hidi,Hipposideridae,F,A,PL,81.4,51,18.2,34,21.3,13.3,6,271,278,286,270,284,280,286,28.3
9-Jul-09,Hidi,Hipposideridae,F,A,PL,86.8,52,17.6,33.4,21,13.2,6,306,288,286,264,274,244,306,30.29
9-Jul-09,Hidi,Hipposideridae,F,A,RPL,81,45,20.3,34,22.6,13.2,6,160,135,186,164,160,193,193,19.05
9-Jul-09,Hidi,Hipposideridae,M,A,,88.6,57,20.5,34.5,21.6,13.3,6,343,308,304,324,313,321,343,33.97
9-Jul-09,Hidi,Hipposideridae,F,A,PL,81,46,18.2,33.4,20.6,13.3,6,258,240,233,240,229,240,258,25.52
9-Jul-09,Hidi,Hipposideridae,M,A,,83.8,53.5,20.3,34.5,22.1,13.2,6,221,240,256,250,222,226,256,25.32
9-Jul-09,Hidi,Hipposideridae,F,A,PL,84.7,48,17.7,33.3,20.8,13.2,6,255,285,263,241,245,240,285,28.2
9-Jul-09,Hidi,Hipposideridae,F,A,L,81.4,43.5,18.4,33.5,20.5,13.3,6,233,221,235,225,226,218,235,23.23
9-Jul-09,Hidi,Hipposideridae,M,A,,78.9,50,18.3,35.5,20.8,13.5,6,299,229,269,295,270,291,299,29.6
9-Jul-09,Hidi,Hipposideridae,M,A,,83.9,49,17.8,35.1,22.9,13.1,6,281,270,275,298,255,258,298,29.5
9-Jul-09,Hidi,Hipposideridae,M,A,,87.2,52,20,35.3,22.8,13.3,6,205,188,201,195,194,203,205,20.24
9-Jul-09,Hidi,Hipposideridae,F,A,RPL,85,44,18.3,34.1,22.3,13.3,6,235,225,240,228,236,241,241,23.82
9-Jul-09,Hidi,Hipposideridae,M,A,,83.4,46,19.2,35.5,23.3,13.5,6,234,254,240,244,230,240,254,25.12
9-Jul-09,Hidi,Hipposideridae,F,A,RPL,84.5,45,17.8,32.9,29.6,13.5,6,240,243,258,240,254,240,258,25.52
9-Jul-09,Hidi,Hipposideridae,F,A,NR,84.1,45.5,17.5,33.7,20,13,6,259,205,208,263,275,208,275,27.21
9-Jul-09,Hidi,Hipposideridae,F,A,PL,86.8,45,19.2,34.2,21,13.1,6,235,223,228,229,235,231,235,23.23
9-Jul-09,Hidi,Hipposideridae,F,A,PL,84,50,17.7,33,22.3,13.2,6,229,234,213,248,221,220,248,24.52
9-Jul-09,Hidi,Hipposideridae,F,A,PL,81.3,56,16.2,33.8,19.3,13.4,6,223,211,258,231,233,248,258,25.52
9-Jul-09,Hidi,Hipposideridae,F,A,PL,85.1,48.5,18.5,32.8,19.2,13.3,6,243,219,243,248,228,233,248,24.52
9-Jul-09,Hidi,Hipposideridae,F,A,PL,86.2,47,17,32.5,20,13.2,6,199,196,216,203,240,200,240,23.73
9-Jul-09,Hidi,Hipposideridae,F,A,NR,83.5,47,16.6,31.8,18,13,6,221,223,210,215,209,223,223,22.03
9-Jul-09,Hidi,Hipposideridae,F,A,PL,82.5,52,17,34,19,13.3,6,208,210,224,208,201,209,224,22.13
9-Jul-09,Hidi,Hipposideridae,M,A,,85.9,45,19.3,35,22.3,13,6,249,274,256,249,274,278,278,27.51
9-Jul-09,Hidi,Hipposideridae,M,A,,88.1,52,20,35.4,22,13,6,280,275,260,258,260,279,280,27.71
9-Jul-09,Hidi,Hipposideridae,M,A,,85.5,42,19.7,34.4,21.9,13,6,284,284,301,293,320,328,328,32.48
9-Jul-09,Hidi,Hipposideridae,M,A,,86.4,54,19.9,33.4,22.5,13.1,6,330,304,298,301,306,300,330,32.68
9-Jul-09,Hidi,Hipposideridae,M,A,,80.7,46,18.8,34.4,21.5,13,6,314,294,293,283,291,300,314,31.09
9-Jul-09,Hidi,Hipposideridae,M,A,,85.3,46,17.9,34,21.1,13,6,229,218,245,250,240,240,250,24.72
9-Jul-09,Hily,Hipposideridae,M,A,,78.9,37,17.5,31,17.3,11.5,5,135.1,116.3,124.5,130.1,115.5,124.4,135.1,13.29
9-Jul-09,Hily,Hipposideridae,F,A,NR,75.7,45,17.6,31.5,16.2,11.3,5,134.4,145.9,151.9,165.3,183.6,153.3,183.6,18.11
9-Jul-09,Hily,Hipposideridae,F,A,NR,76.6,35.5,17.4,32.3,18.4,11.4,5,138.1,156.4,137.8,122.9,171.6,178.3,178.3,17.59
9-Jul-09,Mime,Vespertilionidae,M,A,,42.6,9,11.1,16.4,11.5,5.4,2.5,16,16.3,15.9,15.8,15.3,17.9,17.9,1.63
9-Jul-09,Mime,Vespertilionidae,M,A,,41.8,9.25,10.3,16.1,10.9,5.3,2.5,16.8,16.5,17.9,17.4,18.1,18,18.1,1.65
9-Jul-09,Mime,Vespertilionidae,F,A,NR,42.1,8.75,9.1,17.3,13.4,5.5,2.5,14.5,14,13.9,11.8,12.6,14.6,14.6,1.3
9-Jul-09,Mime,Vespertilionidae,M,A,,42.2,8.75,9.3,15.4,10.5,5.5,2.5,14.5,16,15.5,14,15.5,15.5,16,1.44
9-Jul-09,Mime,Vespertilionidae,M,A,,41.2,8.75,11,16.3,11,5.5,2.5,13.6,13.4,13,13.9,14.3,14,14.3,1.27
9-Jul-09,Mime,Vespertilionidae,M,A,,42.9,8.5,10,15.4,10.9,5.2,2.5,15.1,14.5,13.3,13.8,13.5,14.6,15.1,1.35
9-Jul-09,Mime,Vespertilionidae,F,A,PL,43,10,10.4,16.4,12.2,5.5,2.5,19.1,17.3,16.9,17.8,18,17.3,19.1,1.75
9-Jul-09,Mime,Vespertilionidae,F,A,NR,42.9,9,10,16.5,10.8,5.4,2.5,11.9,13.3,11.6,12.5,11.4,11.5,13.3,1.17
9-Jul-09,Mime,Vespertilionidae,F,A,PL,43.1,10.5,10.7,15.6,10.5,5.5,2.5,12.1,14,10.3,11.6,10.3,12,14,1.24
9-Jul-09,Mime,Vespertilionidae,M,A,,42.9,9.5,10.5,16.8,10.6,5.6,2.5,14.6,14.4,15.9,13.4,15.6,15.9,15.9,1.43
9-Jul-09,Mime,Vespertilionidae,M,A,,42,9.5,10,16,10.2,5.5,2.5,13.6,15.4,15.4,15.1,15.5,13.5,15.5,1.39
9-Jul-09,Mime,Vespertilionidae,M,A,,43.3,8.75,10,16,10.2,5.5,2.5,11.6,12.1,11.5,13.5,11,11.4,13.5,1.19
9-Jul-09,Mime,Vespertilionidae,F,A,NR,42.9,8.5,10,15.4,10.1,5.3,2.5,13.6,13.5,15.1,14.4,14.9,14.6,15.1,1.35
9-Jul-09,Mime,Vespertilionidae,F,A,NR,43.4,9.5,10.1,16.1,10,5.4,2.5,15,14,12.9,14.5,13.4,12.5,15,1.34
9-Jul-09,Mime,Vespertilionidae,M,A,,42.4,9,10,15.8,10.4,5.4,2.5,16.6,16.4,16.3,18.6,17.5,15.8,18.6,1.7
12-Jul-09,Kein,Vespertilionidae,M,A,,28.7,3.5,7.5,13.8,8,5.1,2.5,6.4,4.8,6.5,5,4.5,4.3,6.5,0.49
12-Jul-09,Kein,Vespertilionidae,M,A,,28.9,3.25,8.3,13.8,8.3,5,2.5,6.9,7.4,8.3,9.1,7.8,8.1,9.1,0.75
12-Jul-09,Kein,Vespertilionidae,M,A,,28,3.5,7.2,13.8,7.8,5.2,2.5,7.5,6.6,4.8,7.3,7.3,9.1,9.1,0.75
12-Jul-09,Kein,Vespertilionidae,M,A,,28.8,3.5,7.8,13.9,7.9,5.2,2.5,12.4,12.5,12.3,12.1,13.3,13.1,13.3,1.17
12-Jul-09,Kein,Vespertilionidae,M,A,,28.5,3.5,8.5,13.8,8.1,5.2,2.5,4.5,4.1,5.4,6.8,4.9,4.4,6.8,0.52
12-Jul-09,Kepa,Vespertilionidae,M,A,,38.1,6.75,12.1,18.9,12.5,7.2,3.5,55.4,58.8,58.4,57.6,64,61,64,6.21
12-Jul-09,Rhle,Rhinolophidae,F,A,PL,41.1,6.5,9,17.3,9.7,6.8,3,17,19.4,19.9,20,16.5,19,20,1.83
12-Jul-09,Rhst,Rhinolophidae,M,A,,45.4,9.25,8.9,21,10.5,8.1,4,25.9,25,25.4,26.3,28.8,30.1,30.1,2.84
12-Jul-09,Rhst,Rhinolophidae,F,A,NR,46.4,9.5,8.9,20.8,11,8.3,4,25.9,25,26.9,26,24.5,24.4,26.9,2.52
13-Jul-09,Hice,Hipposideridae,M,A,,49.5,10.75,11.3,19.4,12.7,6.5,3,39,46.1,44.9,46.3,48.1,44.3,48.1,4.63
13-Jul-09,Hiri,Hipposideridae,M,A,,48.1,9.5,12.3,21.3,14.5,8.3,3.5,32,29.4,28,29.8,28.5,35.9,35.9,3.42
13-Jul-09,Kein,Vespertilionidae,M,A,,28,3.5,7.9,13.6,7.5,5.3,2.5,10,14.4,10.5,10.5,10.1,10.5,14.4,1.28
13-Jul-09,Kein,Vespertilionidae,M,A,,28.5,3.25,8.2,14,8.1,5.6,2.5,12.3,9.9,9.6,7.6,7.1,8.6,12.3,1.07
13-Jul-09,Kein,Vespertilionidae,M,A,,29.4,3.25,7.7,13.9,8.1,5.3,2.5,11,6.6,6.3,7.4,5.9,7.3,11,0.94
13-Jul-09,Rhst,Rhinolophidae,M,A,,45.4,8.25,9.8,22.4,11.2,8.1,4,29.5,32.8,27.8,29.3,28.6,32,32.8,3.11
14-Jul-09,Kein,Vespertilionidae,M,A,,28.7,3.5,7.8,12,9.4,5.5,2.5,10.4,13.5,10.3,9.1,10.4,9.8,13.5,1.19
14-Jul-09,Kein,Vespertilionidae,M,A,,27.7,3,7.9,13.7,8.2,5.5,2.5,9.4,9.5,10,12.6,9.5,11,12.6,1.1
14-Jul-09,Rhle,Rhinolophidae,F,A,PL,41.7,6.5,8.9,18.4,10.2,6.7,3,8.6,10.3,14.5,10.5,11.9,12.3,14.5,1.29
15-Jul-09,Hiri,Hipposideridae,M,A,,48.8,9.25,11.5,20.8,14.8,8,3.5,35.4,34.6,35.1,35.8,33.8,36.6,36.6,3.49
15-Jul-09,Kepa,Vespertilionidae,M,A,,37.9,6.75,14.5,20.3,13,7.6,3.5,64,65.4,56.9,65.1,66.4,67.1,67.1,6.52
15-Jul-09,Kepa,Vespertilionidae,M,A,,42.9,8.25,11.2,18,11.8,7.8,3.5,77,82.4,81.5,81,64,69.8,82.4,8.04
15-Jul-09,Musu,Vespertilionidae,M,A,,28.7,3.75,8.5,15.9,9.8,5.2,2.5,40.9,46,41.4,46.1,42.1,44.3,46.1,4.43
15-Jul-09,Rhle,Rhinolophidae,F,A,RPL,38,5.5,8.6,18.1,10.5,6.5,3,16.9,19.5,13.8,16.3,16.9,13.5,19.5,1.79
15-Jul-09,Rhse,Rhinolophidae,M,A,,40.9,7.75,8.6,20.1,11.6,7.5,3.5,28.8,24.3,23.9,25,23.4,25,28.8,2.71
16-Jul-09,Chjo,Molossidae,M,A,,46.2,20.5,13.3,24.3,15.4,7.6,3.5,38.1,39.5,43.5,44.5,40.4,45.2,45.2,4.34
16-Jul-09,Chjo,Molossidae,M,A,,46.6,17,13.1,25,16.2,7.5,3.5,43.4,39.4,39.5,41.3,40.2,42.2,43.4,4.16
16-Jul-09,Chjo,Molossidae,M,A,,45.1,21,16.1,25.2,14.5,7.5,3.5,60.5,51.5,48.5,55.3,47.8,48,60.5,5.86
16-Jul-09,Chjo,Molossidae,F,A,,46,19,12.6,22.8,15.2,7.6,3.5,41.3,36.5,40.2,38.9,39.2,37.6,41.3,3.95
16-Jul-09,Chjo,Molossidae,M,A,,46.5,22.5,12.2,23.7,15.2,7.8,3.5,46,45.9,46,43.9,43.2,40.8,46,4.42
16-Jul-09,Chjo,Molossidae,F,A,,46.8,21,14.5,26.5,15.8,7.6,3.5,36.6,41.1,37.6,36.9,39.8,33.9,41.1,3.93
16-Jul-09,Momo,Molossidae,F,A,,42.7,29,14.5,26.5,15.3,8,3.5,78.3,80.9,79.4,78.6,68.6,79.4,80.9,7.89
16-Jul-09,Momo,Molossidae,F,A,,43.1,26,14.1,25.6,16.3,8,3.5,43,49,51.3,43.8,57.8,57.8,57.8,5.6
16-Jul-09,Momo,Molossidae,F,A,,45.3,29,13.5,26,16.2,8,3.5,64.9,57.1,53.3,54.2,53.2,53.4,64.9,6.3
16-Jul-09,Momo,Molossidae,F,A,,43.1,26.5,14.3,27.2,16.5,8.1,3.5,60.3,70.3,57.8,70.1,59.9,69.6,70.3,6.84
16-Jul-09,Momo,Molossidae,M,A,,42.7,27,15.1,26.2,17.3,8,3.5,83.3,84.8,76.5,85.1,93.8,118.8,118.8,11.67
16-Jul-09,Momo,Molossidae,F,A,,44.9,23,14,26.2,15.8,8.1,3.5,58.8,64.9,59,57.8,59.3,55.6,64.9,6.3
16-Jul-09,Momo,Molossidae,M,A,,42.5,27,15.2,27.6,18.2,8.1,3.5,46.4,44.6,49.5,49.6,47.4,44.8,49.6,4.78
16-Jul-09,Phat,Vespertilionidae,M,A,,34.2,4.75,9.2,17.5,9.3,6.5,3,28.6,30.6,26.4,21.5,23.6,26.9,30.6,2.89
17-Jul-09,Emmo,Emballonuridae,F,A,PL,47.6,7,9.5,16.9,10.4,5.1,2.5,11.3,11,8.9,9,10.5,8.9,11.3,0.97
17-Jul-09,Hila,Hipposideridae,M,A,,56.6,17,10.9,22.7,13.4,9.8,4,46.4,46.3,47.8,96,47,45.6,96,9.4
17-Jul-09,Hila,Hipposideridae,M,A,,58.4,17.75,11.5,25.2,14,9.7,4,87.9,97.3,83,87.5,87.6,89.1,97.3,9.53
17-Jul-09,Hila,Hipposideridae,M,A,,56.1,19.25,11,23,13,9.7,4,87,86.1,103,96,80.4,90,103,10.09
17-Jul-09,Rhaf,Rhinolophidae,F,A,PL,48.8,12.75,11.4,23.6,13.6,10,4.5,39.6,41.5,36.9,36.3,36.6,37.3,41.5,3.97
17-Jul-09,Rhaf,Rhinolophidae,F,A,PL,51,14,12.6,23.7,13,10,4.5,40.3,40,39.5,40.6,39.3,39.1,40.6,3.88
17-Jul-09,Rhaf,Rhinolophidae,F,A,RPL,49.8,15,12.8,24,14.1,10,4.5,36.8,42.9,37.1,41.5,37.3,38.3,42.9,4.11
17-Jul-09,Rhaf,Rhinolophidae,F,A,PL,49.2,13.25,12.8,23.6,13.7,9.8,4.5,33.3,32.3,38.5,35.5,34.2,36.9,38.5,3.68
17-Jul-09,Rhaf,Rhinolophidae,F,A,PL,49.5,13.5,12.7,23.4,13.4,10,4.5,32,34.3,41.1,41,32,32.1,41.1,3.93
17-Jul-09,Rhaf,Rhinolophidae,F,A,RPL,50.3,14.5,13.2,23.5,14.1,9.9,4.5,37.6,41.5,34.6,36.8,37.8,38.4,41.5,3.97
17-Jul-09,Rhaf,Rhinolophidae,F,A,RPL,50.6,14.5,13.5,24.6,14.7,9.6,4.5,36,35.1,37.4,34.6,41.2,38.8,41.2,3.94
17-Jul-09,Rhaf,Rhinolophidae,F,A,RPL,49.1,14.25,13.2,23.1,14,9.9,4.5,37.4,35.8,36,32.6,32.9,33.8,37.4,3.57
17-Jul-09,Rhaf,Rhinolophidae,F,A,PL,49,13.5,12.2,23.8,14.1,9.8,4.5,41.8,41.6,35.6,34.8,38.3,40.5,41.8,4
17-Jul-09,Rhaf,Rhinolophidae,F,A,PL,48.6,13.5,11.8,23.6,13.8,9.9,4.5,32.4,33,41.8,35.8,38.3,33.5,41.8,4
17-Jul-09,Rhaf,Rhinolophidae,F,A,NR,50.5,13.25,9.2,23.8,13.4,9.7,4.5,33,45.4,34.6,53.3,52.3,43,53.3,5.15
17-Jul-09,Rhaf,Rhinolophidae,F,A,RPL,50,13.75,10,23.7,14.2,9.7,4.5,45.9,51.3,46.1,46.1,50.5,47.8,51.3,4.95
17-Jul-09,Rhaf,Rhinolophidae,F,A,PL,49.3,13.25,11.2,24,13.3,9.7,4.5,35.5,32.1,33.6,40,40.8,41.8,41.8,4
17-Jul-09,Rhaf,Rhinolophidae,F,A,RPL,50.9,15,11.3,23.9,12.7,9.8,4.5,32.2,32.3,38.9,38.8,39.9,33.3,39.9,3.81
17-Jul-09,Rhaf,Rhinolophidae,F,A,PL,48.5,14,11,23.5,13.9,9.8,4.5,35.1,33.6,34,35.8,34,34.1,35.8,3.41
17-Jul-09,Rhaf,Rhinolophidae,F,A,RPL,49.6,13.75,9.3,23.7,13,9.8,4.5,44.1,49.3,47.6,43.5,47.1,45.3,49.3,4.75
17-Jul-09,Rhaf,Rhinolophidae,F,A,PL,51.7,14,11.2,24.1,13.1,9.7,4.5,37.3,35,35.6,33.6,35.3,35,37.3,3.56
17-Jul-09,Rhaf,Rhinolophidae,F,A,RPL,48.9,13.75,12,23,14.1,9.8,4.5,35.8,39.8,37.5,40,39.1,38.1,40,3.82
17-Jul-09,Rhaf,Rhinolophidae,F,A,PL,49.4,14.5,11.4,23.9,13.5,9.7,4.5,41.9,39.4,39.9,38.4,41.4,47.8,47.8,4.6
17-Jul-09,Rhaf,Rhinolophidae,F,A,PL,49.8,15,11.9,23.3,12.8,,4.5,37,37.1,40.9,39.5,36.3,44.5,44.5,4.27
17-Jul-09,Rhaf,Rhinolophidae,F,A,PL,49.4,14.5,11.5,24,11.5,9.7,4.5,33.3,38.5,34.3,38.3,34.9,33.5,38.5,3.68
17-Jul-09,Rhaf,Rhinolophidae,F,A,RPL,50,15,10.8,23.4,11.5,10,4.5,37.8,39.9,37.1,41.6,41.5,44.6,44.6,4.28
20-Jul-09,Chto,Molossidae,M,A,,84.2,200,29.8,43,34.3,14,6,144.6,197,163.8,139.8,130,167.4,197,19.45
20-Jul-09,Kein,Vespertilionidae,M,A,,29.1,3.25,7.4,13.8,8.4,5.4,2.5,10,9,9.5,11,8.5,11.4,11.4,0.98
20-Jul-09,Kepa,Vespertilionidae,M,A,,41.2,8.5,12,19.9,12.7,7.6,3.5,68.3,65.4,65.1,71.3,74.5,68.8,74.5,7.26
20-Jul-09,Kepe,Vespertilionidae,F,A,L,31.5,4.5,9.2,15.2,9.4,6,3,22.1,23.4,24.9,21,22.5,24.3,24.9,2.32
29-Jul-09,Emmo,Emballonuridae,M,A,,45.3,6,9,16.4,9.9,5,2.5,10.8,11.4,10,11.1,10.3,10.1,11.4,0.98
29-Jul-09,Kein,Vespertilionidae,F,A,PL,28.7,3.25,8.3,13.8,9,5.3,2.5,8.5,8.9,8.8,7.9,7.4,7.4,8.9,0.73
29-Jul-09,Rhle,Rhinolophidae,F,A,NR,40.9,6.25,9.3,18.5,11.1,6.5,3,16.1,12.1,14.8,16.3,12.4,12.3,16.3,1.47
29-Jul-09,Rhst,Rhinolophidae,F,A,PL,45.3,8.5,9.4,21,11.2,8.2,4,21.4,24.9,23.6,23.8,23.6,23.9,24.9,2.32
30-Jul-09,Hibi142,Hipposideridae,F,A,PL,42.8,9.25,8.7,17.6,10.2,6.4,3,26.9,22.8,25,24.4,28.5,24.4,28.5,2.68
30-Jul-09,Hice,Hipposideridae,M,A,,48.2,12,10.3,19.8,12,6.5,3,38.1,38,38.9,36.6,43.8,43,43.8,4.2
30-Jul-09,Hice,Hipposideridae,M,A,,47.8,10.25,9.6,19,10.9,6.6,3,39.8,39.9,43.8,39.9,39.4,39.5,43.8,4.2
30-Jul-09,Kein,Vespertilionidae,M,A,,28.9,3.5,7.9,13,8.2,5.6,2.5,10.5,10.4,9.4,10.9,8.6,9.1,10.9,0.93
30-Jul-09,Kein,Vespertilionidae,M,A,,28.8,3.25,7.5,12,7.3,5.5,2.5,9.9,7.6,6.4,7.5,6.9,7.1,9.9,0.83
30-Jul-09,Kein,Vespertilionidae,F,A,PL,29.5,3.25,7.5,14.5,8.7,5.3,2.5,12.4,12.5,8.4,10.6,11.6,10.6,12.5,1.09
30-Jul-09,Kein,Vespertilionidae,F,A,PL,29.8,3,8.4,14,8.8,5,2.5,7.6,9.6,8,9.1,8.3,8.5,9.6,0.8
30-Jul-09,Kepa,Vespertilionidae,F,A,NR,43.2,10,11.5,19.7,12.5,8.3,3.5,96,99.5,100.1,97.4,109.8,96.8,109.8,10.77
30-Jul-09,Kepe,Vespertilionidae,F,A,L,32.3,5.5,8.2,15.5,9.5,6.2,3,21.4,18.4,20,19,18.4,20.4,21.4,1.97
30-Jul-09,Kepe,Vespertilionidae,F,A,NR,31.4,4.75,8.7,16.2,8.9,6,3,23.1,21.1,20.5,19.9,21.6,22.3,23.1,2.14
30-Jul-09,Kepe,Vespertilionidae,M,A,,30.5,4.5,10.2,15.1,10.2,6.4,3,16.6,14.4,15.3,15.8,16.4,15.1,16.6,1.5
30-Jul-09,Kepe,Vespertilionidae,M,A,,29.9,4.75,8.9,15.4,9.9,6.2,3,10.9,8.8,16.9,8.6,14,12.8,16.9,1.53
30-Jul-09,Kepe,Vespertilionidae,F,A,L,32.4,5.25,9.6,16.3,9.2,5.9,3,21.1,22,21.1,22.4,21.4,21.5,22.4,2.07
30-Jul-09,Mucy,Vespertilionidae,M,A,,35.6,9,12.2,19.1,12.5,6.5,3,98,87,130.5,91,93.1,82.9,130.5,12.83
30-Jul-09,Rhle,Rhinolophidae,M,A,,40.5,7.25,8.8,18.1,10.7,6.7,3,12.8,13.9,13.8,15.1,14.3,13.8,15.1,1.35
30-Jul-09,Rhst,Rhinolophidae,M,A,,46.5,9.5,9.7,20.6,10.3,8,4,24.3,24.9,24.6,23.6,24.9,24,24.9,2.32
3-Aug-09,Mime,Vespertilionidae,F,A,NR,42.8,8.25,9.8,16,10,5.2,2.5,10.8,10.3,9.8,8.9,8.8,13.4,13.4,1.18
3-Aug-09,Mime,Vespertilionidae,M,A,,42.8,9,10,16,11.2,5.3,2.5,9.9,10.5,9.5,9.5,8,8.1,10.5,0.89
3-Aug-09,Mime,Vespertilionidae,F,A,NR,42.7,8,10.3,16.9,11.5,5.2,2.5,7.3,8.5,7.1,8.3,11,6.9,11,0.94
3-Aug-09,Mime,Vespertilionidae,M,A,,42.1,8.5,8.8,16,10.5,5.3,2.5,8.6,7.9,9,10.5,8.5,8.1,10.5,0.89
3-Aug-09,Mime,Vespertilionidae,M,A,,42,8,9.7,15.6,10.2,5.3,2.5,14.6,12.6,11.6,11.8,11.4,10.1,14.6,1.3
3-Aug-09,Mime,Vespertilionidae,M,A,,42.4,8.5,10.5,16,11,5.3,2.5,12.1,12.9,14.4,13.1,15.1,14,15.1,1.35
3-Aug-09,Mime,Vespertilionidae,M,A,,42.1,7.5,9.5,15.3,9.3,5.4,2.5,10.8,11.9,14.3,9.3,13.5,9.4,14.3,1.27
3-Aug-09,Mime,Vespertilionidae,M,A,,42.7,7.5,10,16.3,9.4,5.3,2.5,11,10.1,9.6,7.5,8.3,8.6,11,0.94
3-Aug-09,Mime,Vespertilionidae,M,A,,42,8,10,16.2,9.8,5.5,2.5,12.9,14.5,13.1,13.5,13.8,18.9,18.9,1.73
3-Aug-09,Mime,Vespertilionidae,M,A,,41.2,7.5,10.3,16.4,9,5.4,2.5,9.6,10.9,8.1,8.6,11,8,11,0.94
3-Aug-09,Mime,Vespertilionidae,M,A,,42.2,8.25,9.2,16.9,8.7,5.5,2.5,15.3,15.5,16.4,16.8,17.3,19.5,19.5,1.79
3-Aug-09,Mime,Vespertilionidae,F,A,NR,42.6,8.25,10.3,16,10.5,5.4,2.5,6.6,7.6,9.1,6.8,8.8,7.4,9.1,0.75
3-Aug-09,Mime,Vespertilionidae,F,A,NR,41.8,8.5,10.4,16.5,10.9,5.5,2.5,16.9,17.8,15.3,17,16.9,18.1,18.1,1.65
3-Aug-09,Mime,Vespertilionidae,M,A,,43.7,8.25,10,16.2,9.4,5.4,2.5,11.9,10.5,11.3,11,11.3,11.9,11.9,1.03
3-Aug-09,Mime,Vespertilionidae,F,A,NR,42.2,8.5,9.6,17.8,10.7,5.4,2.5,12.6,13.5,16.1,13.9,14,13.6,16.1,1.45
3-Aug-09,Mime,Vespertilionidae,F,A,NR,41.3,7.75,10,17,10.4,5.5,2.5,13.6,9.9,9.4,8.8,9.1,8.8,13.6,1.2
3-Aug-09,Mime,Vespertilionidae,M,A,,42.1,8.5,9.6,16,9.6,5.5,2.5,8.5,8.5,6.8,5.5,10.5,6.3,10.5,0.89
3-Aug-09,Mime,Vespertilionidae,F,A,NR,39.8,8.5,9.5,16.2,9.8,5.6,2.5,12.4,11.3,10.9,13.9,12,12.4,13.9,1.23
3-Aug-09,Mime,Vespertilionidae,F,A,NR,43.2,8.5,9.8,16,9.8,5.5,2.5,11.9,12.5,11.5,11.4,12.3,11.9,12.5,1.09
3-Aug-09,Mime,Vespertilionidae,F,A,NR,42.1,7.75,9.5,16.2,9.8,5.6,2.5,10.3,10.9,9.1,9.8,10.9,11.5,11.5,0.99
3-Aug-09,Mime,Vespertilionidae,F,A,NR,43,8.25,9.4,16.8,9.1,5.6,2.5,14,15.6,10.6,10.5,10,13.3,15.6,1.4
3-Aug-09,Mime,Vespertilionidae,F,A,PL,43.5,8.75,9.3,16.5,9.7,5.5,2.5,15.9,16.1,16.6,18.6,17.1,18,18.6,1.7
3-Aug-09,Mime,Vespertilionidae,M,A,,41.8,8.25,10.5,16.2,9,5.5,2.5,13.3,7,11.6,6.9,10.3,11.5,13.3,1.17
3-Aug-09,Mime,Vespertilionidae,M,A,,42.3,8.25,9.5,16.7,9,5.4,2.5,9,11.3,11,10.5,11.5,10.5,11.5,0.99
3-Aug-09,Mime,Vespertilionidae,M,A,,42.1,7,9.3,15.8,9.2,5.5,2.5,14.9,13.6,12.8,13,14.4,14.9,14.9,1.33
3-Aug-09,Mime,Vespertilionidae,F,A,NR,43.5,8.25,10.3,16,9.6,5.5,2.5,11.4,12.8,12.6,13.6,12.5,12.9,13.6,1.2
3-Aug-09,Mime,Vespertilionidae,M,A,,42.6,8.25,10.2,16.1,9.2,5.6,2.5,12.1,12,13.4,13,13,11.8,13.4,1.18
3-Aug-09,Mime,Vespertilionidae,M,A,,43.6,8.75,9.8,16.3,8.2,6.1,2.5,16.3,22,15.5,17.3,11.1,14.6,22,2.03
3-Aug-09,Mime,Vespertilionidae,M,A,,42.8,9,9.6,16.2,9.8,5.7,2.5,10.9,12.9,10.4,9.8,10.1,12.5,12.9,1.13
3-Aug-09,Mime,Vespertilionidae,F,A,NR,42.8,8.25,9.5,16.5,8.7,5.7,2.5,9.6,11.5,10.9,8.8,11.9,9.4,11.9,1.03
3-Aug-09,Mime,Vespertilionidae,F,A,NR,42.7,8,9.3,15.4,8.7,5.3,2.5,8.4,8.8,11.1,8.3,7.9,10.3,11.1,0.95
3-Aug-09,Mime,Vespertilionidae,M,A,,42.7,8.25,9.4,16.2,8.8,5.5,2.5,13.8,9.4,12,11.6,11.1,10,13.8,1.22
3-Aug-09,Mime,Vespertilionidae,M,A,,42.5,9,9.1,18.5,9.8,5.9,2.5,22.8,15.9,16.4,14.8,13.4,15.3,22.8,2.11
3-Aug-09,Mime,Vespertilionidae,M,A,,43.1,9.25,9.3,16.5,10.7,6.1,2.5,25.9,27,25.5,26.3,25.5,24.5,27,2.53
3-Aug-09,Rhaf,Rhinolophidae,F,A,NR,49.4,13.25,10.7,23.8,11.2,9.7,4.5,37.1,57.5,57,35.1,33.5,46.4,57.5,5.57
3-Aug-09,Rhaf,Rhinolophidae,M,A,,48.8,12,12.1,24.6,14.3,9.8,4.5,32.4,32.8,38.8,33.9,33.6,36.5,38.8,3.71
3-Aug-09,Rhle,Rhinolophidae,F,A,NR,41.1,5.75,8.8,17.5,10,6.1,3,11.5,12.5,10.9,12,12.9,11,12.9,1.13
3-Aug-09,Rhle,Rhinolophidae,F,A,NR,40.4,5.5,8.8,17.8,10.1,6.1,3,10.6,11.1,12.4,10.5,13,10.5,13,1.14
3-Aug-09,Rhst,Rhinolophidae,M,A,,44.1,8.25,9.7,20.8,10.8,8,4,24.6,25.4,24.1,25.8,24.1,23.8,25.8,2.41
3-Aug-09,Rhst,Rhinolophidae,M,A,,45.2,8,9.7,20.8,10.8,7.8,4,21.1,19.4,19.6,20.4,21.4,22.4,22.4,2.07
3-Aug-09,Tapme,Emballonuridae,F,A,L,63.7,27.5,11.9,26.8,14.5,8.6,4,75.8,64.5,66.1,68.4,71.3,74.9,75.8,7.39
3-Aug-09,Tapme,Emballonuridae,F,A,L,65,26,12.6,26,14,8.7,4,71.9,84.5,89.5,82.4,73.9,82.9,89.5,8.75
3-Aug-09,Tapme,Emballonuridae,F,A,L,61.7,24.25,11.9,26.5,14.2,8.6,4,68,29.9,38,28.8,29.8,50.8,68,6.61
3-Aug-09,Tapme,Emballonuridae,F,A,L,64.5,23.75,11.4,26,14.1,8.8,4,78.3,64,70.5,74.5,76.9,69.5,78.3,7.64
3-Aug-09,Tapme,Emballonuridae,F,A,NR,63.9,23,12.1,25.2,13.6,8.5,4,50.3,65.6,56.5,61.6,53,58.8,65.6,6.37
3-Aug-09,Tapme,Emballonuridae,F,A,PL,64.2,24.5,11.4,25.7,13.8,8.8,4,65.9,72.1,71.8,74.1,71.8,76,76,7.41
3-Aug-09,Tapme,Emballonuridae,F,A,PL,64,24,12.5,25.9,13.9,8.8,4,73.3,80.8,61.3,64.3,61.4,74.8,80.8,7.88
3-Aug-09,Tapme,Emballonuridae,M,A,,63.3,24.25,11.5,26.9,13.8,8.8,4,71.3,54.3,46,46,45.1,81.9,81.9,7.99
10-Aug-09,Emmo,Emballonuridae,F,A,NR,44.1,6.5,9.3,16.7,10.2,5.1,2.5,11.8,10.1,9.9,13.1,10.4,10.9,13.1,1.15
10-Aug-09,Rhle,Rhinolophidae,M,A,,40.3,6.25,9.5,18.1,11.9,6.3,3,10.1,12.5,11.6,10.8,11.4,11.8,12.5,1.09
10-Aug-09,Rhle,Rhinolophidae,M,A,,39.7,6.75,9.5,18.5,10.3,6.4,3,12.8,13.4,10.8,13.5,13.8,12.5,13.8,1.22
10-Aug-09,Rhle,Rhinolophidae,M,A,,41.3,7,10.7,18.3,11.7,6.5,3,21,22.8,18.4,18,17.4,19.3,22.8,2.11
10-Aug-09,Rhle,Rhinolophidae,M,A,,39.9,6.75,9.1,18.3,12,6.1,3,15.5,14.6,14,14.4,16.9,14.3,16.9,1.53
10-Aug-09,Rhle,Rhinolophidae,F,A,NR,39.4,6,8.5,17.9,8.8,6.1,3,14.6,15,16.1,14,13.9,14.8,16.1,1.45
10-Aug-09,Rhle,Rhinolophidae,F,A,NR,41,6,9.4,17,9.9,6.2,3,11.5,12.3,10.3,11.1,9.6,14.5,14.5,1.29
10-Aug-09,Rhle,Rhinolophidae,F,A,RPL,42.3,8.25,10,18.2,11.6,6.5,3,17.4,18.3,17.6,17.5,18.5,14.9,18.5,1.69
10-Aug-09,Rhle,Rhinolophidae,F,A,NR,41.4,6.25,8.8,17.8,10.1,6.4,3,17.3,19,18.5,15,17.1,16.6,19,1.74
13-Aug-09,Hily,Hipposideridae,F,A,PL,79.5,38,17.7,31.8,18.2,11.3,5,152.9,152.9,155.8,172.8,169.5,156.5,172.8,17.04
13-Aug-09,Hily,Hipposideridae,F,A,PL,76.8,36,17.9,30.9,18.3,11.5,5,139.1,157.6,140.8,156,151.5,154.4,157.6,15.53
16-Aug-09,Emmo,Emballonuridae,F,A,P ,44.5,6.75,9.5,17,10.5,5,2.5,13.9,12.8,13,11.3,12.3,12.6,13.9,1.23
16-Aug-09,Rhaf,Rhinolophidae,F,A,RPL,49.6,13.25,12.2,23.8,14.1,9,4.5,36.5,34.8,34.5,35.5,34.3,34.6,36.5,3.48
16-Aug-09,Rhaf,Rhinolophidae,M,A,,50,14,11.8,24,12.7,9.3,4.5,44.1,45.3,44.1,44.8,46.4,46.9,46.9,4.51
16-Aug-09,Rhaf,Rhinolophidae,M,A,,50.5,12.5,12.3,23.6,14.3,9.4,4.5,32.6,35.1,32,32.3,32,32,35.1,3.34
16-Aug-09,Rhaf,Rhinolophidae,M,A,,51.1,13,10.6,22.5,13.4,9.1,4.5,34.1,32.1,33.8,28.6,28.5,28.7,34.1,3.24
16-Aug-09,Rhaf,Rhinolophidae,M,A,,50.2,14,11.8,24.2,14.3,9.7,4.5,32,35.4,32,32.1,33,32,35.4,3.37
16-Aug-09,Rhaf,Rhinolophidae,M,A,,50,12.75,12.1,23.5,13.4,9.5,4.5,33.6,32,34.1,33.6,39.6,32.6,39.6,3.79
16-Aug-09,Rhaf,Rhinolophidae,M,A,,49.5,13.25,12,23.2,14.2,9.5,4.5,37.8,38.9,40.9,41,37.8,38,41,3.92
16-Aug-09,Rhaf,Rhinolophidae,M,A,,49.5,13.25,11.5,24,13.5,9.6,4.5,36.4,35.3,33,34.1,32.1,32.8,36.4,3.47
16-Aug-09,Rhaf,Rhinolophidae,M,A,,49.5,13.5,11.8,24.7,12.7,9.3,4.5,44.5,45.1,54.9,44,49,47.4,54.9,5.31
16-Aug-09,Rhaf,Rhinolophidae,M,A,,51.4,13,11.2,24.9,12,9.5,4.5,43.4,38.9,42.1,39.4,38.3,38.8,43.4,4.16
16-Aug-09,Rhaf,Rhinolophidae,M,A,,50,15,11.8,24.1,12.7,9.6,4.5,52.3,49.9,45.3,51.5,50.4,43.6,52.3,5.05
16-Aug-09,Rhaf,Rhinolophidae,M,A,,48.9,11,11.4,24.5,12.5,9.3,4.5,36.6,34.5,37.5,35.9,35.9,35.6,37.5,3.58
16-Aug-09,Rhaf,Rhinolophidae,M,A,,49.7,13.25,11.4,24.2,12.8,9.4,4.5,37.1,38.8,34,41.9,36.3,32,41.9,4.01
16-Aug-09,Rhaf,Rhinolophidae,M,A,,51,13.25,11.6,24,12.3,9.5,4.5,47.8,47,44.3,46.4,47.9,44.4,47.9,4.61
16-Aug-09,Rhle,Rhinolophidae,M,A,,32.1,6,9.3,17.9,11.2,6.4,3,26.9,27.9,23.5,26.3,24.1,23,27.9,2.62
16-Aug-09,Rhle,Rhinolophidae,F,A,NR,40.3,6,8.9,18.4,10.2,6.1,3,17.1,15.8,15.1,14.5,14.1,14,17.1,1.55
16-Aug-09,Rhle,Rhinolophidae,M,A,,40.3,6.25,8.2,18.3,10.7,6.3,3,30.6,28.6,25.3,28.4,23.5,22.8,30.6,2.89
16-Aug-09,Rhle,Rhinolophidae,M,A,,40.7,5.75,9,18.1,19.1,6.4,3,21.5,24,21.8,22.4,21.8,21.6,24,2.23
10-May-10,Chto,Molossidae,M,A,,86.2,216,30,47.5,35.4,14,6,141,91.1,119.9,140,139.2,121.4,141,16.87
10-May-10,Chto,Molossidae,M,A,,79.2,210,29.8,43,34.3,14.2,6,104.5,98.4,145.6,146.8,133.6,110.8,146.8,17.58
10-May-10,Kein ,Vespertilionidae,M,A,,27.8,2.75,7.7,13.6,8.2,5.2,2.5,8.6,7,7.4,7.1,6.5,8.6,8.6,0.83
10-May-10,Momo,Molossidae,M,A,,44.2,27,15.2,27.3,16.4,8.3,3.5,29,26.1,22.8,41.8,18.6,34.4,41.8,4.85
11-May-10,Kein ,Vespertilionidae,M,A,,28.5,3.25,7.7,14.6,8.3,5,2.5,10.4,10.5,10.4,10,9.9,11.3,11.3,1.15
11-May-10,Kein ,Vespertilionidae,M,A,,39.4,3.25,7.3,14.8,8.2,5.1,2.5,9.9,8,6.1,7.3,7.3,7,9.9,0.98
11-May-10,Kein ,Vespertilionidae,M,A,,29.7,3.25,6.9,13.7,8,5,2.5,8.6,8.8,9.1,9.6,9,9.5,9.6,0.95
11-May-10,Kein ,Vespertilionidae,M,A,,27.7,3.5,7.7,13.6,8.4,5.2,2.5,11.8,9.4,9.4,9.8,10.1,10.5,11.8,1.21
11-May-10,Musu,Vespertilionidae,M,A,,29.8,5,8.7,15.7,8.4,5.3,2.5,38.9,42.8,42.6,41.1,43.5,43.9,43.9,5.1
11-May-10,Myat,Vespertilionidae,M,A,,36.1,5,9.9,17.5,11.2,6.9,3,17,15.1,7.4,5.4,,,17,1.84
11-May-10,Rhst,Rhinolophidae,F,A,NR,46.8,9.5,9.2,20.9,11.8,7.8,4,29.5,25.4,30.5,27.9,28,24.9,30.5,3.48
12-May-10,Hiri,Hipposideridae,F,A,NR,48.9,8.75,10.1,21.6,10.3,8.1,3.5,33.2,34.6,33.1,35,34.4,35.2,35.2,4.05
12-May-10,Mucy,Vespertilionidae,M,A,,35.9,8,10.3,19.7,10,6.6,3,52.9,88.3,85.7,131,83.9,86.6,131,15.66
14-May-10,Hiri,Hipposideridae,M,A,,48.2,10,9.2,19.2,10.6,8.2,3.5,32,32.9,29.5,,,,32.9,3.77
14-May-10,Kein ,Vespertilionidae,M,A,,28.3,3,5.4,12.9,7.9,5.1,2.5,7.4,7.8,7.8,8.3,8.5,8.8,8.8,0.85
14-May-10,Kein ,Vespertilionidae,M,A,,28.4,3.5,6.6,13.9,7.6,5.2,2.5,10.1,9.9,9.8,9.3,13.4,13.4,13.4,1.41
14-May-10,Musu,Vespertilionidae,F,A,NR,31.6,4.75,8.4,15.5,7.9,5.7,2.5,41.8,47,40.5,40.9,42.5,41.9,47,5.48
14-May-10,Nytr,Nycteridae,F,A,NR,49.3,18,12,24,15.9,9.3,4,83.3,83.4,91.9,82.8,85.3,87.1,91.9,10.92
14-May-10,Rhtr,Rhinolophidae,M,A,,53.1,15,10.6,22.2,12.5,9,4,68.8,64.5,62.6,65.5,69.6,67.8,69.6,8.22
19-May-10,Hibi131,Hipposideridae,M,A,,44.3,7.5,9.8,19.6,11.5,6.4,3,28.1,25.9,32,27.4,29.4,32,32,3.66
19-May-10,Hibi131,Hipposideridae,M,A,,45,7.5,10.9,17.9,12,6.4,3,27.1,34.4,25.6,24.1,32,32,34.4,3.95
19-May-10,Hice ,Hipposideridae,M,A,,48.9,10.5,9.6,19,10.9,6.3,3,38.5,37.1,35,44.3,45.8,40.6,45.8,5.33
19-May-10,Hice ,Hipposideridae,M,A,,50.7,10,8.9,19,10.5,6.6,3,42,44.5,41.8,46.5,44.4,44.9,46.5,5.42
19-May-10,Hice ,Hipposideridae,M,A,,49.1,9.25,9.4,18.4,11.9,6.6,3,43.5,42.3,42.9,47.3,46,44.6,47.3,5.52
19-May-10,Hice ,Hipposideridae,M,A,,49.2,10.25,8.2,19.6,9.6,6.8,3,39.4,42.4,40,43.1,45.5,43.6,45.5,5.3
19-May-10,Hice ,Hipposideridae,M,A,,50,10,8.2,18,12,7.5,3,45.5,46.9,42.5,43,43,45.5,46.9,5.47
19-May-10,Hice ,Hipposideridae,M,A,,49.4,10,9.4,19.5,12.2,6.8,3,41.5,40.6,43.5,40.9,40.6,40.4,43.5,5.06
21-May-10,Momo,Molossidae,M,A,,44.4,30,13.3,28.5,16.1,8.3,3.5,49.9,41.6,46.5,51.4,64,22.3,64,7.54
21-May-10,Momo,Molossidae,F,A,L,43.5,31,13.2,28,14.7,8.4,3.5,67.1,56,56.3,60.8,66.4,82.5,82.5,9.78
21-May-10,Momo ,Molossidae,M,A,,46.3,31,13,28,16.1,8.4,3.5,164,135.8,111,120.1,130.3,133.6,164,19.66
21-May-10,Rhle,Rhinolophidae,M,A,,40.5,7.75,9.5,19.5,9.1,6.2,3,25.4,32,20.9,26.3,25.4,26.8,32,3.66
24-May-10,Hila,Hipposideridae,F,A,PL,57.7,18.75,11.8,23.4,14,9.6,4,67.1,81.5,72.8,73,84,77.1,84,9.96
24-May-10,Mucy,Vespertilionidae,M,A,,35.6,7.75,10.6,18.6,10,6.7,3,131.4,139,128.4,133.3,129.6,128,139,16.63
24-May-10,Rhst,Rhinolophidae,M,A,,45.9,8.25,9.9,19.8,10.5,8.4,4,30,29.6,26.1,27.5,24.9,25.1,30,3.42
25-May-10,Momo,Molossidae,M,A,,43.4,27,15.3,27.4,18.8,8.1,3.5,89.9,30,89.4,18.1,10.4,,89.9,10.68
25-May-10,Phat,Vespertilionidae,M,A,,32.1,4.5,10.5,17.6,9.4,6.4,3,37,36.6,33.5,32.5,33.1,34.1,37,4.27
25-May-10,Rhtr,Rhinolophidae,M,A,,48.3,12.25,11,24.4,12.6,8.9,4,49.9,41.9,44.9,42.6,44.3,45.9,49.9,5.83
25-May-10,Rhtr,Rhinolophidae,M,A,,52.4,13,11.3,23.8,12.4,8.8,4,44.4,53.1,51.1,56,56.9,51.4,56.9,6.68
27-May-10,Momo,Molossidae,M,A,,43.8,30,14.4,27.4,16.5,8.4,3.5,33.9,27.1,22.6,18,54.6,26,54.6,6.4
28-May-10,Momo,Molossidae,F,A,L,42.5,28,13,26.1,14.5,8.1,3.5,33.4,32,42.9,30,29.9,26.5,42.9,4.98
29-May-10,Hiri,Hipposideridae,M,A,,47.7,10,10,20.5,12,8.2,3.5,35.2,38.4,37.2,37.9,38,38,38.4,4.44
29-May-10,Kein ,Vespertilionidae,F,A,,29.5,3.25,7.7,13.3,8,5.3,2.5,9.5,10.4,10.8,10.5,9.8,9.7,10.8,1.09
29-May-10,Kepa,Vespertilionidae,M,A,,40.8,9.5,12.4,18.9,12.1,8.1,3.5,89.2,88,88,87.8,86.8,87.3,89.2,10.6
31-May-10,Kepa,Vespertilionidae,M,A,,41.5,9.75,11.7,18.4,11.4,7.8,3.5,71.6,62.8,55.6,74.9,58,60.3,74.9,8.86
31-May-10,Rhtr,Rhinolophidae,F,A,NR,53.1,13.75,10.5,23.3,12.6,9,4,74.3,60,60.8,62.6,55.9,72,74.3,8.79
3-Jun-10,Rhtr,Rhinolophidae,M,A,,52.4,14.25,11,23,12,9,4,52.8,49.9,45.9,52.3,51.8,48.8,52.8,6.18
5-Jun-10,Rhtr,Rhinolophidae,M,A,,52.4,12.25,10.8,22.8,11.7,9,4,56.3,55.4,56.1,53.5,51.4,50.1,56.3,6.61
6-Jun-10,Kein ,Vespertilionidae,F,A,NR,27.2,2.5,6.5,11.8,7.5,5,2.5,9.6,9.1,9.5,8.2,7.1,7.6,9.6,0.95
6-Jun-10,Musu,Vespertilionidae,M,A,,28.5,3.5,8.5,15.2,8.3,5,2.5,29.3,32.5,32,29.9,30.1,32,32.5,3.72
8-Jun-10,Musu,Vespertilionidae,F,A,NR,31.4,4,8.6,15.5,8.7,5.5,2.5,53,51.5,51.4,51.4,49.1,54.3,54.3,6.36
10-Jun-10,Rhtr,Rhinolophidae,M,A,,46.5,11.5,11,22.5,11.8,9.5,4,55.9,58.4,56,56,53.6,61,61,7.18
10-Jun-10,Rhtr,Rhinolophidae,M,A,,51.5,13,11.4,22.5,11.7,9.8,4,47.8,49.9,49.8,41.3,49.5,49.8,49.9,5.83
16-Jun-10,Hiri,Hipposideridae,M,A,,48.5,10,9.8,20.5,11.2,8.5,3,29.9,32,32,32,32,35.8,35.8,4.12
16-Jun-10,Rhtr,Rhinolophidae,M,A,,50.4,14,11.5,22.5,12.5,9.8,4,54,55.8,51.4,51.9,52.5,60.9,60.9,7.16
16-Jun-10,Rhtr,Rhinolophidae,F,A,NR,54.9,13.5,10,24.2,11.4,9.8,4,44.8,46.5,41.3,38.6,37.9,37.6,46.5,5.42
16-Jun-10,Rhtr,Rhinolophidae,M,A,,49.6,12.5,9.9,23.2,11.6,9.2,4,50.9,51,51.5,53.6,57.8,56.6,57.8,6.79
17-Jun-10,Hila,Hipposideridae,F,A,PL,57.8,18.25,11.9,23,13.6,10,4,67.9,57.6,57.6,71.9,85.8,89.9,89.9,10.68
17-Jun-10,Kein ,Vespertilionidae,F,A,NR,29.2,3.75,7.2,14.2,8.3,6,2.5,11.9,10.6,11.9,12,10.8,10.5,12,1.24
17-Jun-10,Kepa,Vespertilionidae,F,A,NR,42.8,8.25,11,18.5,10,7.5,3.5,45.4,48.8,46.4,44.3,46.8,45.3,48.8,5.7
17-Jun-10,Kepa,Vespertilionidae,F,A,NR,43.1,9.75,10.7,19.4,11.5,7.6,3.5,61,66.6,64.3,63.4,62.8,65.4,66.6,7.86
17-Jun-10,Kepe,Vespertilionidae,F,A,NR,30.9,4.75,9.2,15.5,9.5,6.3,3,17.5,16.6,19.4,19.6,19.8,17.9,19.8,2.18
17-Jun-10,Kepe,Vespertilionidae,F,A,L,31.5,5,9.4,15.5,9,6.5,3,17.6,24.6,14.4,14.6,19.8,17.1,24.6,2.76
17-Jun-10,Muae,Vespertilionidae,M,A,,35.3,8.25,10.5,18,10,7.9,3.5,105.9,101.6,106.5,105.8,103,103.3,106.5,12.69
17-Jun-10,Musu,Vespertilionidae,M,A,,28.4,3.5,9.3,15.3,8.6,5.3,2.5,27.8,24.4,27.4,30.3,28.4,27.4,30.3,3.46
17-Jun-10,Rhlu,Rhinolophidae,M,A,,63,29,14.5,30.5,15,11.9,4.5,149.5,146.9,147.9,147.9,140.3,145,149.5,17.9
17-Jun-10,Rhst,Rhinolophidae,M,A,,45.7,9,10.6,22,11.1,7.6,4,42.3,44.8,43,36,36.5,38.5,44.8,5.21
17-Jun-10,Rhst,Rhinolophidae,M,A,,45.6,3.5,9.5,20.5,11.6,8,4,37.4,37.5,34.1,35.6,45.3,37.8,45.3,5.27
17-Jun-10,Rhst,Rhinolophidae,F,A,L,46,8,9.2,20.9,11.8,8,4,23.6,25.4,21,25.6,22.5,26,26,2.93
17-Jun-10,Rhtr,Rhinolophidae,F,A,PL,54.7,18.25,11.6,23.5,12.6,9.8,4,56.5,52.6,50.4,41.6,48.1,44.3,56.5,6.63
17-Jun-10,Rhtr,Rhinolophidae,M,A,,50,12.25,11.4,24.2,12.7,9.9,4,57.1,52.6,56.8,49.9,51.8,48.6,57.1,6.7
17-Jun-10,Rhtr,Rhinolophidae,M,A,,48.6,13,11,23.6,12,9.8,4,49.4,45.9,52.8,52,52.4,48.6,52.8,6.18
18-Jun-10,Kein ,Vespertilionidae,F,A,NR,28.7,3.25,7.6,13,7.6,6.1,2.5,8.9,8.6,10.5,9.8,9.4,9.8,10.5,1.06
18-Jun-10,Kein ,Vespertilionidae,F,A,L,28.3,4,8.2,11.6,8,6.2,2.5,11.4,10.1,10.4,10.1,9.8,9.6,11.4,1.16
18-Jun-10,Kepa,Vespertilionidae,M,A,,38.2,6.25,9,17.3,10.2,8.3,3.5,48.8,49.4,52.3,50.4,52,55.3,55.3,6.49
18-Jun-10,Phat,Vespertilionidae,M,A,,33.5,5,9.2,17.5,9.3,6.7,3,14.9,14.4,16.8,16.1,18.6,22.5,22.5,2.51
18-Jun-10,Rhle,Rhinolophidae,M,A,,41.5,8,10.9,18.6,10.2,6.4,3,23.6,21.9,20.4,23.4,21.6,23.6,23.6,2.64
18-Jun-10,Rhst,Rhinolophidae,M,A,,46.9,8.5,9.5,21.3,10.2,7.3,4,29.9,29.9,32.8,29,29.6,28.6,32.8,3.76
19-Jun-10,Kepe,Vespertilionidae,F,A,L,31.9,4.5,8.3,15.8,8.3,6.3,3,11.3,11.5,12.3,10.9,11.3,11,12.3,1.27
19-Jun-10,Rhle,Rhinolophidae,F,A,L,41.1,6.5,9.1,18,9.5,7,3,15.3,10.1,13.8,13.6,10.3,13.9,15.3,1.64
19-Jun-10,Rhlu,Rhinolophidae,M,A,,63.7,27,13.3,30,16.1,11.5,4.5,153.2,150.3,149.9,154.2,153,151,154.2,18.47
19-Jun-10,Rhtr,Rhinolophidae,M,A,,52.5,14,11.3,25,11.8,9.3,4,58,54.9,54.3,58,51.4,57.6,58,6.81
19-Jun-10,Rhtr,Rhinolophidae,M,A,,52.5,13.5,12.2,23.6,12.1,9,4,67.5,64.4,59.9,52.6,56.5,57.3,67.5,7.96
20-Jun-10,Emmo,Emballonuridae,F,A,PL,43,5.5,8.5,16.6,9.5,5,2.5,9.9,10.1,9.8,9.7,9.9,9.9,10.1,1.01
22-Jun-10,Hiri,Hipposideridae,F,A,NR,49.1,8.25,9.5,20.8,10.6,8.5,3,29.9,29,29.9,32,33,35.2,35.2,4.05
24-Jun-10,Emmo,Emballonuridae,F,A,L,42.4,6,8.4,15.5,8.8,5.4,2.5,10,10.1,9.8,9.99,9.7,9,10.1,1.01
26-Jun-10,Kepe,Vespertilionidae,M,A,,30.2,4.25,8.8,15.1,8.8,6.5,3,25,21.8,23.3,23.3,21.8,28.9,28.9,3.29
26-Jun-10,Rhst,Rhinolophidae,M,A,,45,6.75,9.7,21.1,10.7,7.3,4,23.9,24.6,24.6,29.1,24.6,25.6,29.1,3.31
28-Jun-10,Kepa,Vespertilionidae,M,A,,38.4,7.5,12.2,18,11,7,3.5,66.4,64.3,61.3,73.4,72.1,72,73.4,8.68
28-Jun-10,Kepa,Vespertilionidae,F,A,NR,42.9,9,12.3,19,12.2,7.5,3.5,59.6,59.2,61.4,66.3,65.2,65,66.3,7.82
28-Jun-10,Rhse,Rhinolophidae,M,A,,41.2,7.5,9.7,20.5,10.5,7.4,3.5,28.3,32,29.3,28.8,32,25.9,32,3.66
29-Jun-10,Rhtr,Rhinolophidae,F,A,NR,52.3,14.5,11.4,24.1,13.6,9.1,4,52,53,59.5,53.3,51.8,56.5,59.5,7
4-Jul-10,Rhle,Rhinolophidae,M,A,,41,6,7.3,17.8,9.2,6.9,3,15.3,15,14.8,13.6,13.2,13.9,15.3,1.64
5-Jul-10,Kein ,Vespertilionidae,F,A,PL,29.8,3,6.4,14,7.2,4.7,2.5,12.5,12.6,12.1,14.9,13.3,12.8,14.9,1.59
5-Jul-10,Kepa,Vespertilionidae,F,A,L,41.8,9.25,11.6,20,11.6,7.3,3.5,40.9,42,43.5,47,45.9,47.4,47.4,5.53
5-Jul-10,Kepa,Vespertilionidae,F,A,PL,44.2,9,10.3,19.9,11,7.4,3.5,40.5,47.1,46.8,42,42.6,42.5,47.1,5.49
5-Jul-10,Kepa,Vespertilionidae,F,A,NR,45.1,8.5,10.4,19,11.4,7.3,3.5,60.9,69.4,68.1,67.6,64,68.1,69.4,8.2
5-Jul-10,Rhle,Rhinolophidae,M,A,,39,5,7.3,17.9,7.7,6.8,3,17.9,15.3,16.2,16.8,17,18.6,18.6,2.04
5-Jul-10,Rhle,Rhinolophidae,F,A,PL,40.1,6,7.4,17.8,7.6,6.6,3,16.8,16,21.3,18.4,18,16.8,21.3,2.36
5-Jul-10,Rhst,Rhinolophidae,M,A,,45.8,7.5,9,21.2,10.3,7.8,4,19.6,19,21.1,23.8,24.1,19.1,24.1,2.7
5-Jul-10,Rhst,Rhinolophidae,F,A,NR,46,9,9.5,20.8,10.3,7.8,4,23,23.5,22.5,23.6,22.1,23.1,23.6,2.64
5-Jul-10,Rhtr,Rhinolophidae,F,A,PL,53.8,16,10.3,24.6,12.9,9.5,4,67.3,57.4,66.6,57.8,59.3,57.5,67.3,7.94
5-Jul-10,Rhtr,Rhinolophidae,F,A,NR,49.4,12.75,11,23.1,12,9,4,56.1,67,57.3,57.9,59.9,58,67,7.9
6-Jul-10,Hice,Hipposideridae,F,A,L,50.2,10,8.9,20.5,11.1,8,3.5,33.5,48.5,50.9,44,51,48.9,51,5.96
6-Jul-10,Kepa,Vespertilionidae,M,A,,42.7,9.5,9.8,20.6,11.7,7.3,3.5,49.6,48.6,43.1,64,48.1,42.6,64,7.54
6-Jul-10,Rhle,Rhinolophidae,F,A,NR,43.2,5.75,8.2,17.8,9.2,6.9,3,12.4,12.4,12.9,12.5,12,12.2,12.9,1.35
6-Jul-10,Rhst,Rhinolophidae,M,A,,48.4,8.5,9.9,21.2,10.3,7.9,4,18,16.6,18.1,14.4,20.4,15.9,20.4,2.26
6-Jul-10,Rhtr,Rhinolophidae,M,A,,49.9,12.5,10.4,23.2,11.4,9.5,4,62.4,47.3,47,50.3,58.3,54.6,62.4,7.35
8-Jul-10,Hila,Hipposideridae,M,A,,55.5,14,10.9,22.7,13.4,8.9,4,57.8,58.3,51.5,55.9,50.4,50.5,58.3,6.85
8-Jul-10,Musu,Vespertilionidae,M,A,,30.2,4,8.2,15.9,8.4,5,2.5,36.9,32.9,30.6,38.5,35.2,30.2,38.5,4.45
8-Jul-10,Musu,Vespertilionidae,M,A,,29.8,4.5,9,15,9,5,2.5,46.8,43.8,48.6,47.9,43.1,48.3,48.6,5.67
8-Jul-10,Rhst,Rhinolophidae,F,A,NR,45.1,9,9.4,21.3,10.6,7.9,4,17.1,17.6,17.8,36.1,16.4,16.9,36.1,4.16
8-Jul-10,Rhtr,Rhinolophidae,F,A,PL,51.5,17.5,11.4,24.1,12.1,8.1,4,57.5,59.3,74.1,68.6,69.5,64,74.1,8.76
8-Jul-10,Rhtr,Rhinolophidae,M,A,,48.5,14.75,11.2,24,11.9,8.4,4,65.4,73.8,66.4,69.4,67.8,66.9,73.8,8.73
8-Jul-10,Rhtr,Rhinolophidae,F,A,RPL,50.2,13,11,23.9,13.5,8.8,4,64,69.6,65.3,65.1,66.5,61.3,69.6,8.22
8-Jul-10,Scku,Vespertilionidae,F,A,PL,49.3,24,13.2,23.5,15.4,6.6,3,76.8,75.3,70.6,69,73.5,68.3,76.8,9.09
8-Jul-10,Scku,Vespertilionidae,F,A,PL,51.2,24,13.1,22.8,15,6.6,3,60.2,68.2,79,73.4,76.8,83.2,83.2,9.87
8-Jul-10,Scku,Vespertilionidae,F,A,PL,52,24,13,23,14.8,6.8,3,73.1,70.6,72.1,71.8,70,69,73.1,8.64
8-Jul-10,Scku,Vespertilionidae,M,A,,51.2,25,13.1,23.8,14.6,7.5,3,81.3,73.2,79.4,76.2,80,79,81.3,9.64
8-Jul-10,Scku,Vespertilionidae,F,A,PL,52.2,26,12.8,24.1,14.5,6.9,3,53.8,61,73.2,73.2,68.1,67,73.2,8.66
12-Jul-10,Kepa,Vespertilionidae,F,A,NR,44.8,10,12.1,22,11.8,8.1,3.5,58.9,56.1,53.1,60.5,55.8,59.9,60.5,7.12
12-Jul-10,Rhle,Rhinolophidae,F,A,NR,40.3,6,7.5,17,9.4,6.8,3,12.4,13.6,11.8,10.3,10.6,14.5,14.5,1.54
12-Jul-10,Rhst,Rhinolophidae,M,A,,46.3,8.75,9.8,21.4,11,8.3,4,32.9,33.1,32,32,30,30.8,33.1,3.8
12-Jul-10,Rhtr,Rhinolophidae,F,A,NR,51.6,13.5,12.3,24.8,12.3,9.6,4,53.6,48,52.1,52.3,54.8,52,54.8,6.43
13-Jul-10,Chjo,Molossidae,F,A,PL,46.8,21,11.5,26,13.1,7.9,4,34.9,34.8,29,28.9,29.4,29.5,34.9,4.01
13-Jul-10,Chjo,Molossidae,M,A,,46.5,21,12.1,25.5,15.5,7.9,4,41,40.3,41,39.9,39.6,41.1,41.1,4.76
13-Jul-10,Chjo,Molossidae,F,A,PL,49.3,19,11.2,25.4,13.2,7.8,4,30.6,29.1,29.6,28.2,30.2,30,30.6,3.49
13-Jul-10,Chjo,Molossidae,M,A,,46.1,17,11.6,24.6,13,7.4,4,26.4,26.3,25.6,25,26,26.3,26.4,2.98
13-Jul-10,Chjo,Molossidae,M,A,,47.2,21,11,25.8,13.5,7.6,4,27.2,26.4,26.3,25.9,26,26.4,27.2,3.08
13-Jul-10,Chto,Molossidae,M,A,,80.7,136,29.8,43.7,35.5,14,6,92.2,98.2,91.8,98.8,90.9,96.7,98.8,11.76
13-Jul-10,Kein ,Vespertilionidae,F,A,PL,30,3.5,6.2,13,8.6,5.5,2.5,10.1,8,9.8,9.7,10,9.5,10.1,1.01
13-Jul-10,Momo,Molossidae,F,A,L,45.5,30,11.5,26.5,14.9,8.8,3.5,21,26.4,26.4,28.8,37.1,27.5,37.1,4.28
13-Jul-10,Momo,Molossidae,M,A,,45.1,23,13,26.8,13.7,8.3,3.5,25.9,24.8,26.1,28.3,22.8,26.6,28.3,3.21
13-Jul-10,Momo,Molossidae,M,A,,45.1,23,12.8,27,14.5,9,3.5,43.3,41.1,44,37.3,41.6,42.3,44,5.12
13-Jul-10,Rhle,Rhinolophidae,M,A,,40.5,5.75,7.8,18,9.7,6.2,3,17.5,12.1,12.3,13.5,12.5,13.8,17.5,1.9
13-Jul-10,Rhst,Rhinolophidae,F,A,NR,45.7,9,9,21.3,10.6,8.3,4,18.9,23.3,17.9,17.8,16.9,18.3,23.3,2.61
13-Jul-10,Rhst,Rhinolophidae,F,A,NR,42,7.5,8.8,19.9,10.8,8,4,23.4,21.3,21,22.2,20.6,19.4,23.4,2.62
13-Jul-10,Rhst,Rhinolophidae,M,A,,45.9,10,8.9,20.5,11,8.8,4,23.2,23.4,23.4,22.5,21.3,23.6,23.6,2.64
13-Jul-10,Rhst,Rhinolophidae,M,A,,45.6,8.75,9.1,21,10.9,8.3,4,24.9,24.1,24.8,22.1,22.9,23,24.9,2.8
14-Jul-10,Rhle,Rhinolophidae,F,A,NR,41.8,6,7.9,19,10.3,6.2,3,12.5,12.3,14.3,15.5,13.6,12.3,15.5,1.66
14-Jul-10,Rhst,Rhinolophidae,M,A,,45.6,8.75,9.5,21.5,11,8.3,4,22.1,19.1,18,20.3,21.5,22.2,22.2,2.47
14-Jul-10,Rhst,Rhinolophidae,M,A,,43.3,7.25,8.9,21,10.5,8.5,4,18.8,19.8,21.3,20.5,19.3,19.5,21.3,2.36
14-Jul-10,Rhst,Rhinolophidae,F,A,PL,45.7,9.25,9,21,10.4,9,4,19.1,21.4,21.6,22.4,20.6,23.6,23.6,2.64
14-Jul-10,Rhtr,Rhinolophidae,M,A,,50.7,15.25,11.8,25.4,12.7,9,4,64,67.5,64,64,66.1,64.5,67.5,7.96
19-Jul-10,Hila,Hipposideridae,F,A,NR,58.7,18,11.6,24.3,12.9,9.2,4,84.9,81.4,96,83.5,95.6,97.3,97.3,11.58
19-Jul-10,Hila,Hipposideridae,M,A,,59.9,20.5,11.5,25.2,14,10.3,4,81.6,84.3,80.6,90.2,94.3,95.5,95.5,11.36
19-Jul-10,Hiri,Hipposideridae,M,A,,48.2,10.25,9.2,22.4,12,9,4,36,34.2,30,32.2,34.4,32.4,36,4.15
19-Jul-10,Kein ,Vespertilionidae,F,A,NR,29.3,4,7.7,13.3,7.3,6.4,2.5,12.4,12,11.8,12.3,12.2,11.9,12.4,1.29
19-Jul-10,Kein ,Vespertilionidae,F,A,LL,30.1,4,6.6,14.5,8.1,6.3,2.5,9.8,11.3,11.4,10.8,10,10.3,11.4,1.16
19-Jul-10,Kein ,Vespertilionidae,F,A,NR,29.9,3.75,7.2,14,7.6,5.5,2.5,9,10.4,9.9,9.7,10.3,10,10.4,1.04
19-Jul-10,Kepa,Vespertilionidae,F,A,NR,45.5,10.25,11.3,20.1,11.3,8.4,3.5,38.1,40.5,42.3,41.4,43.2,42.2,43.2,5.02
19-Jul-10,Rhle,Rhinolophidae,M,A,,41.8,7,8.4,18.8,9.8,6.6,3,20.4,22.3,19.8,20,18.9,19.9,22.3,2.49
19-Jul-10,Rhst,Rhinolophidae,M,A,,46.1,9.5,9.8,22.4,11.2,8.9,4,19.3,19.5,19.4,19.4,19.7,19.5,19.7,2.17
19-Jul-10,Rhst,Rhinolophidae,M,A,,45.6,8.5,9.7,20.6,10.3,9,4,36.3,36.1,34.9,32,32.8,34,36.3,4.18
19-Jul-10,Rhst,Rhinolophidae,F,A,PL,45.6,8,8.9,21,10.6,9,4,27.9,28.4,27.3,25.8,27.5,27.4,28.4,3.23
19-Jul-10,Rhst,Rhinolophidae,M,A,,45.8,8,9.7,20.8,10.8,8.6,4,19.9,19.6,19.4,19.6,19.8,19.8,19.9,2.2
19-Jul-10,Rhst,Rhinolophidae,F,A,NR,46.9,9.75,10.3,21,10.8,8.7,4,24.4,26.8,27,23.1,24.1,23.8,27,3.06
19-Jul-10,Rhst,Rhinolophidae,F,A,PL,44.8,8,9.6,21.8,11.1,8.4,4,23.1,22.6,21.9,23.8,22.8,23.5,23.8,2.67
19-Jul-10,Rhst,Rhinolophidae,F,A,PL,46.6,8.75,8.9,21,11,8,4,21.4,24.2,23.2,20.4,21.8,22.2,24.2,2.72
19-Jul-10,Rhst,Rhinolophidae,F,A,PL,45.9,8.25,8.9,20.8,11,8.6,4,30.2,26.8,28.7,30.4,25.2,26.8,30.4,3.47
19-Jul-10,Rhst,Rhinolophidae,F,A,PL,45.9,9,9.4,21,11.2,9,4,24.4,30.4,24.6,26.8,27.7,27.2,30.4,3.47
19-Jul-10,Rhst,Rhinolophidae,M,A,,45.6,8.5,9.7,20.8,10.8,8.6,4,29.4,32,33,32,30.6,32.3,33,3.78
19-Jul-10,Rhst,Rhinolophidae,M,A,,45.4,9,9.3,21,11,9,4,28,25.3,26.4,23.1,23.5,25.4,28,3.18
19-Jul-10,Rhtr,Rhinolophidae,F,A,PL,52.5,17,10.8,22.6,12.6,9.9,4,69.6,58.3,53.6,60.3,62.5,66.3,69.6,8.22
20-Jul-10,Kepa,Vespertilionidae,M,A,,40.3,9.25,9.6,20,11.3,7.8,3.5,77.6,70.3,75.5,77,76.5,77.6,77.6,9.19
20-Jul-10,Kepa,Vespertilionidae,F,A,NR,42.9,9.25,9.5,20.8,10.1,8.3,3.5,70.3,69.4,68.3,68.8,67.8,66.6,70.3,8.3
20-Jul-10,Kepa,Vespertilionidae,F,A,NR,43.4,8.75,10.7,19.5,11.2,8.3,3.5,44.4,40.2,43.4,44.8,43.5,43.3,44.8,5.21
20-Jul-10,Rhtr,Rhinolophidae,F,A,PL,52.4,16.5,10.6,23.5,12,9.2,4,65.8,69.6,71.5,60.3,75.9,73.9,75.9,8.98
20-Jul-10,Rhtr,Rhinolophidae,M,A,,49.5,12,11.5,23,12.1,9.1,4,48.4,47.5,50.3,49.6,51.3,49.9,51.3,6
20-Jul-10,Rhtr,Rhinolophidae,F,A,NR,52.4,14,10.5,25.6,12.5,9.5,4,64.4,60.3,62.8,64.3,61.9,63.3,64.4,7.59
21-Jul-10,Hibi131,Hipposideridae,M,A,,45.1,9.5,8.9,20,10.1,6.3,3.5,38.9,38.8,39.4,39.6,40.2,41.3,41.3,4.79
21-Jul-10,Hila,Hipposideridae,F,A,NR,58,15,10.8,23.6,13,9.6,4,52.8,49.5,51,51.1,52,51.9,52.8,6.18
21-Jul-10,Hila,Hipposideridae,F,A,PL,57.6,18.5,11.1,24.3,13.2,9.8,4,69.8,68.4,68.8,67.6,65.5,65.9,69.8,8.24
21-Jul-10,Hila,Hipposideridae,F,A,RPL,58.8,20,11.5,24.5,13.7,9.8,4,64.4,64.5,63.9,64,63.9,64.4,64.5,7.6
21-Jul-10,Hila,Hipposideridae,F,A,PL,58.8,16.75,10.7,24,13.3,9.6,4,69.6,71.3,70.6,71.6,71.5,69.9,71.6,8.46
21-Jul-10,Kepe,Vespertilionidae,F,A,NR,31,4,8.1,16.5,8.6,6.2,3,20.8,19.4,20.3,20.4,19.9,20,20.8,2.3
21-Jul-10,Mucy,Vespertilionidae,F,A,PL,37.8,8.5,10,19.5,10.9,6.8,3,141.9,147.6,144.8,143.8,140.9,144.9,147.6,17.67
21-Jul-10,Rhle,Rhinolophidae,F,A,NR,41,5.5,8.1,17.6,9.5,6.5,3,18.8,18.4,18.4,19.2,20.1,19.8,20.1,2.22
21-Jul-10,Rhle,Rhinolophidae,F,A,NR,41,6,8.1,17.8,9.2,6.6,3,21.1,20.3,21,20.4,20,21.1,21.1,2.34
21-Jul-10,Rhle,Rhinolophidae,M,A,,41.5,5.25,8,17.5,9,6.2,3,16.9,17.3,17.8,14.4,16.8,16.9,17.8,1.94
21-Jul-10,Rhtr,Rhinolophidae,F,A,NR,45,14.25,8.8,20.5,9.5,9,4,20.3,20.6,20.6,20,19.3,20.3,20.6,2.28
21-Jul-10,Rhtr,Rhinolophidae,M,A,,50.3,14.5,10.3,23.5,12.3,9.5,4,50.5,49.8,49.9,48.9,50,50.2,50.5,5.9
21-Jul-10,Rhtr,Rhinolophidae,M,A,,50.9,13,10.8,23.9,11.9,9.4,4,56.9,59.5,51.1,58.2,56.3,56.6,59.5,7
22-Jul-10,Tapme,Emballonuridae,M,A,,64.9,21.5,11.5,26.9,13.8,8.8,4,78.2,77.7,76.2,78,78.9,69.9,78.9,9.35
22-Jul-10,Tapme,Emballonuridae,M,A,,62.2,24.5,13,26.8,13.8,8.8,4,69.8,68.2,62.4,63.5,70,71,71,8.39
